# phpMyAdmin SQL Dump
# version 2.5.4
# http://www.phpmyadmin.net
#
# โฮสต์: localhost
# เวลาในการสร้าง: 31 ก.ค. 2020  12:27น.
# รุ่นของเซิร์ฟเวอร์: 4.0.16
# รุ่นของ PHP: 4.3.3
# 
# ฐานข้อมูล : `morgan`
# 

# --------------------------------------------------------

#
# โครงสร้างตาราง `label`
#

DROP TABLE IF EXISTS `label`;
CREATE TABLE `label` (
  `label_id` int(11) NOT NULL auto_increment,
  `label_code` varchar(15) default NULL,
  `morgan_code` varchar(15) default NULL,
  `minimum_stock` double default NULL,
  `prices` varchar(10) default NULL,
  `stock` double default NULL,
  `label_level` varchar(10) default NULL,
  `materials` varchar(100) default NULL,
  `weave` varchar(100) default NULL,
  `finishs` varchar(100) default NULL,
  `specials` varchar(100) default NULL,
  `minimum` double default NULL,
  `label_type` int(11) default NULL,
  `status` int(11) default NULL,
  `create_date` date default NULL,
  `current_index` decimal(10,0) default NULL,
  PRIMARY KEY  (`label_id`)
) TYPE=MyISAM AUTO_INCREMENT=116 ;

#
# dump ตาราง `label`
#

INSERT INTO `label` VALUES (1, 'mor123', 'E1', NULL, '25', '2000000', NULL, NULL, NULL, NULL, NULL, '500', NULL, 3, NULL, NULL);
INSERT INTO `label` VALUES (2, 'Mgn008(B2)', 'E5', '30000', '23.5', '25000', NULL, NULL, NULL, NULL, NULL, '1000', NULL, 3, '2003-10-24', NULL);
INSERT INTO `label` VALUES (3, 'Mgn008(B2)', 'E1', NULL, '25', '5000', NULL, NULL, NULL, NULL, NULL, '1000000', NULL, 3, '2003-10-24', NULL);
INSERT INTO `label` VALUES (4, 'Mgn008(B2)', 'B2', NULL, '25', '350000', NULL, NULL, NULL, NULL, NULL, '100', NULL, 3, '2003-10-24', NULL);
INSERT INTO `label` VALUES (5, 'Mgn008(B2)', 'B2', NULL, '25', '10000000', NULL, NULL, NULL, NULL, NULL, '5000', NULL, 3, '2003-10-24', NULL);
INSERT INTO `label` VALUES (6, 'Mgn008(B2)', 'E1', NULL, '25', '75000', NULL, NULL, NULL, NULL, NULL, '7500', NULL, 3, '2003-10-24', NULL);
INSERT INTO `label` VALUES (7, 'mor123', 'E1', NULL, '25', NULL, NULL, NULL, NULL, NULL, NULL, '50000', NULL, 3, NULL, NULL);
INSERT INTO `label` VALUES (8, 'c21', 'C21', NULL, '250', '25000', NULL, NULL, NULL, NULL, NULL, '300', NULL, 3, NULL, NULL);
INSERT INTO `label` VALUES (9, 'www', 'www', NULL, '20', '500', NULL, NULL, NULL, NULL, NULL, '250', NULL, 3, NULL, NULL);
INSERT INTO `label` VALUES (10, 'eee', 'eee', '200', '30', '500', NULL, NULL, NULL, NULL, NULL, '60', NULL, 3, NULL, NULL);
INSERT INTO `label` VALUES (11, 'rrr', 'rrr', '200', '15', '1300', NULL, NULL, NULL, NULL, NULL, '5000', NULL, 3, NULL, NULL);
INSERT INTO `label` VALUES (12, 'ahr', 'ahr', '200', '20', '500', NULL, NULL, NULL, NULL, NULL, '30', NULL, 3, NULL, NULL);
INSERT INTO `label` VALUES (13, 'test12', 'test12', '20', '20', '20', NULL, NULL, NULL, NULL, NULL, '20', NULL, 3, NULL, NULL);
INSERT INTO `label` VALUES (14, 'test13', 'test13', '200', '10', '300', NULL, NULL, NULL, NULL, NULL, '20', NULL, 3, NULL, NULL);
INSERT INTO `label` VALUES (15, 'df', 'df', '22', '222', '22', NULL, NULL, NULL, NULL, NULL, '22', NULL, 3, NULL, NULL);
INSERT INTO `label` VALUES (16, 'df1', 'df1', '22', '222', '22', NULL, NULL, NULL, NULL, NULL, '22', NULL, 3, NULL, NULL);
INSERT INTO `label` VALUES (17, 'bb', 'bb', '22', '12', '22', NULL, NULL, NULL, NULL, NULL, '22', NULL, 3, NULL, NULL);
INSERT INTO `label` VALUES (18, 'bb1', 'bb1', '33', '12', '0', NULL, NULL, NULL, NULL, NULL, '33', NULL, 3, NULL, NULL);
INSERT INTO `label` VALUES (19, 'cc', 'cc', '0', '0', '0', NULL, NULL, NULL, NULL, NULL, '0', NULL, 3, '2003-10-24', NULL);
INSERT INTO `label` VALUES (20, 'ccc', 'ccc', '0', '10', '0', NULL, NULL, NULL, NULL, NULL, '10', NULL, 3, NULL, NULL);
INSERT INTO `label` VALUES (21, 'mogan002', 'E3', '400', '12', '100', NULL, NULL, NULL, NULL, NULL, '500', NULL, 3, '2003-10-24', NULL);
INSERT INTO `label` VALUES (22, 'mgn007', 'E7', '500', '10.35', '100000', NULL, NULL, NULL, NULL, NULL, '500', NULL, 3, '2003-10-24', NULL);
INSERT INTO `label` VALUES (23, 'mgn008', 'E8', '500', '12', '100000', NULL, NULL, NULL, NULL, NULL, '500', NULL, 3, '2003-10-24', NULL);
INSERT INTO `label` VALUES (24, 'mgn009', 'E9', '500', '11', '100000', NULL, NULL, NULL, NULL, NULL, '500', NULL, 3, '2003-10-24', NULL);
INSERT INTO `label` VALUES (25, 'MGN1', 'E7', '0', '25', '0', NULL, NULL, NULL, NULL, NULL, '500', NULL, 3, '2003-10-24', NULL);
INSERT INTO `label` VALUES (26, 'MGN 3', 'E12', '0', '0', '0', NULL, NULL, NULL, NULL, NULL, '500', NULL, 3, '2003-10-24', NULL);
INSERT INTO `label` VALUES (27, 'E13', 'E13', '0', '31.5', '0', NULL, NULL, NULL, NULL, NULL, '0', NULL, 1, '2005-04-19', '13');
INSERT INTO `label` VALUES (28, 'MGN 7', 'B1', '0', '125', '0', NULL, NULL, NULL, NULL, NULL, '500', NULL, 3, '2003-10-24', NULL);
INSERT INTO `label` VALUES (29, 'MGN 8', 'B2', '0', '125', '0', NULL, NULL, NULL, NULL, NULL, '500', NULL, 3, '2003-10-24', NULL);
INSERT INTO `label` VALUES (30, 'MGN 9', 'B3', '0', '100', '0', NULL, NULL, NULL, NULL, NULL, '500', NULL, 3, '2003-10-24', NULL);
INSERT INTO `label` VALUES (31, 'B4', 'B4', '0', '74.23', '0', NULL, NULL, NULL, NULL, NULL, '0', NULL, 1, '2004-10-15', '4');
INSERT INTO `label` VALUES (32, 'MGN 12', 'Jean\'s Tab', '0', '0', '0', NULL, NULL, NULL, NULL, NULL, '500', NULL, 3, '2003-10-28', NULL);
INSERT INTO `label` VALUES (33, 'MGN11', 'B8', '0', '433', '0', NULL, NULL, NULL, NULL, NULL, '0', NULL, 3, '2004-10-14', '8');
INSERT INTO `label` VALUES (34, 'MGN11', 'B8', '0', '420', '0', NULL, NULL, NULL, NULL, NULL, '500', NULL, 3, '2003-10-24', NULL);
INSERT INTO `label` VALUES (35, 'MGN 1', 'E7', '0', '25', '0', NULL, NULL, NULL, NULL, NULL, '500', NULL, 3, '2003-10-24', NULL);
INSERT INTO `label` VALUES (36, 'MGN 1', 'E7', '0', '25', '0', NULL, NULL, NULL, NULL, NULL, '500', NULL, 3, '2003-10-24', NULL);
INSERT INTO `label` VALUES (37, 'MGN 1', 'E7', '0', '25', '0', NULL, NULL, NULL, NULL, NULL, '500', NULL, 3, '2003-10-24', NULL);
INSERT INTO `label` VALUES (38, 'E5', 'MGN2', '0', '29', '0', NULL, NULL, NULL, NULL, NULL, '0', NULL, 3, '2003-10-24', NULL);
INSERT INTO `label` VALUES (39, 'MGN2', 'E5', '0', '29', '0', NULL, NULL, NULL, NULL, NULL, '500', NULL, 3, '2003-10-24', NULL);
INSERT INTO `label` VALUES (40, 'MGN22', 'E12', '0', '16', '0', NULL, NULL, NULL, NULL, NULL, '500', NULL, 3, '2003-11-14', '18');
INSERT INTO `label` VALUES (41, 'B1', 'B1', '0', '128.87', '0', NULL, NULL, NULL, NULL, NULL, '0', NULL, 1, '2004-10-15', '1');
INSERT INTO `label` VALUES (42, 'B2', 'B2', '0', '128.87', '0', NULL, NULL, NULL, NULL, NULL, '0', NULL, 1, '2004-10-15', '2');
INSERT INTO `label` VALUES (43, 'B3', 'B3', '0', '103.1', '0', NULL, NULL, NULL, NULL, NULL, '0', NULL, 1, '2004-10-15', '3');
INSERT INTO `label` VALUES (44, 'MGN10', 'B4', '0', '72', '0', NULL, NULL, NULL, NULL, NULL, '500', NULL, 3, '2003-10-24', NULL);
INSERT INTO `label` VALUES (45, 'MGN11', 'B8', '0', '420', '0', NULL, NULL, NULL, NULL, NULL, '500', NULL, 3, '2003-10-24', NULL);
INSERT INTO `label` VALUES (46, 'MGN12', 'E', '0', '0', '0', NULL, NULL, NULL, NULL, NULL, '500', NULL, 3, '2003-10-24', NULL);
INSERT INTO `label` VALUES (47, 'E9', 'E9', '0', '13.4', '0', NULL, NULL, NULL, NULL, NULL, '0', NULL, 1, '2004-10-15', '15');
INSERT INTO `label` VALUES (48, 'B5', 'B5', '0', '128.87', '0', NULL, NULL, NULL, NULL, NULL, '0', NULL, 1, '2004-10-15', '5');
INSERT INTO `label` VALUES (49, 'B6', 'B6', '0', '144.34', '0', NULL, NULL, NULL, NULL, NULL, '0', NULL, 1, '2004-10-15', '6');
INSERT INTO `label` VALUES (50, 'B9', 'B9', '0', '97.94', '0', NULL, NULL, NULL, NULL, NULL, '0', NULL, 1, '2004-10-15', '9');
INSERT INTO `label` VALUES (51, 'B7', 'B7', '0', '97.94', '0', NULL, NULL, NULL, NULL, NULL, '0', NULL, 1, '2004-10-15', '7');
INSERT INTO `label` VALUES (52, 'E10', 'E10', '0', '12.37', '0', NULL, NULL, NULL, NULL, NULL, '0', NULL, 1, '2004-10-15', '16');
INSERT INTO `label` VALUES (53, 'E6', 'E6', '0', '29.9', '0', NULL, NULL, NULL, NULL, NULL, '0', NULL, 1, '2004-10-15', '13');
INSERT INTO `label` VALUES (54, 'MGN 22', 'E12', '0', '16', '0', NULL, NULL, NULL, NULL, NULL, '500', NULL, 3, '2003-10-29', NULL);
INSERT INTO `label` VALUES (55, 'E7', 'E7', '0', '25.78', '0', NULL, NULL, NULL, NULL, NULL, '0', NULL, 1, '2004-10-15', '14');
INSERT INTO `label` VALUES (56, 'MGN 12', 'Jean Patch', '0', '300', '0', NULL, NULL, NULL, NULL, NULL, '500', NULL, 3, '2003-11-14', '19');
INSERT INTO `label` VALUES (57, 'E11', 'E11', '0', '18.5', '0', NULL, NULL, NULL, NULL, NULL, '0', NULL, 1, '2004-10-15', '17');
INSERT INTO `label` VALUES (58, 'B10', 'B10', '0', '149.5', '0', NULL, NULL, NULL, NULL, NULL, '0', NULL, 1, '2004-10-15', '10');
INSERT INTO `label` VALUES (59, 'B11', 'B11', '0', '190.73', '0', NULL, NULL, NULL, NULL, NULL, '0', NULL, 1, '2004-10-15', '11');
INSERT INTO `label` VALUES (60, 'MGN26', 'Big heart', '0', '144.34', '0', NULL, NULL, NULL, NULL, NULL, '0', NULL, 3, '2003-11-14', '18');
INSERT INTO `label` VALUES (61, 'MGN26', 'M2-antique bras', '0', '144.34', '0', NULL, NULL, NULL, NULL, NULL, '0', NULL, 3, '2003-12-19', '18');
INSERT INTO `label` VALUES (62, 'MGN27', 'M3', '0', '109.29', '0', NULL, NULL, NULL, NULL, NULL, '0', NULL, 3, '2003-12-19', '19');
INSERT INTO `label` VALUES (63, 'MGN28', 'M1', '0', '173.2', '0', NULL, NULL, NULL, NULL, NULL, '0', NULL, 3, '2003-12-19', '20');
INSERT INTO `label` VALUES (64, 'MGN29', 'M4', '0', '43.3', '0', NULL, NULL, NULL, NULL, NULL, '0', NULL, 3, '2003-12-19', '21');
INSERT INTO `label` VALUES (65, 'MGN30', 'M5', '0', '51.55', '0', NULL, NULL, NULL, NULL, NULL, '0', NULL, 3, '2003-12-19', '22');
INSERT INTO `label` VALUES (66, 'MGN31', 'M6', '0', '63.92', '0', NULL, NULL, NULL, NULL, NULL, '0', NULL, 3, '2003-12-19', '23');
INSERT INTO `label` VALUES (67, 'MGN28', 'M1-black', '0', '173.2', '0', NULL, NULL, NULL, NULL, NULL, '0', NULL, 3, '2003-12-19', '20');
INSERT INTO `label` VALUES (68, 'MGN26', 'M2-antique bras', '0', '144.34', '0', NULL, NULL, NULL, NULL, NULL, '0', NULL, 3, '2003-12-19', '18');
INSERT INTO `label` VALUES (69, 'M1- black', 'M1- black', '0', '234.04', '0', NULL, NULL, NULL, NULL, NULL, '0', NULL, 1, '2004-10-15', '18');
INSERT INTO `label` VALUES (70, 'M2-antique bras', 'M2-antique bras', '0', '144.34', '0', NULL, NULL, NULL, NULL, NULL, '0', NULL, 3, '2003-12-30', '19');
INSERT INTO `label` VALUES (71, 'm', 'm', '0', '0', '0', NULL, NULL, NULL, NULL, NULL, '0', NULL, 3, '2003-12-29', '21');
INSERT INTO `label` VALUES (72, 'M1-silver', 'M1-silver', '0', '234.04', '0', NULL, NULL, NULL, NULL, NULL, '0', NULL, 3, '2004-10-15', '19');
INSERT INTO `label` VALUES (73, 'M1- grey', 'M1- grey', '0', '234.04', '0', NULL, NULL, NULL, NULL, NULL, '0', NULL, 1, '2004-10-15', '20');
INSERT INTO `label` VALUES (74, 'M1- Anti brass', 'M1- Anti brass', '0', '234.04', '0', NULL, NULL, NULL, NULL, NULL, '0', NULL, 1, '2005-03-31', '21');
INSERT INTO `label` VALUES (75, 'M1- copper', 'M1- copper', '0', '234.04', '0', NULL, NULL, NULL, NULL, NULL, '0', NULL, 1, '2005-03-31', '22');
INSERT INTO `label` VALUES (76, 'M1- gold', 'M1- gold', '0', '234.04', '0', NULL, NULL, NULL, NULL, NULL, '0', NULL, 1, '2004-10-15', '23');
INSERT INTO `label` VALUES (77, 'M2-black', 'M2-black', '0', '194.86', '0', NULL, NULL, NULL, NULL, NULL, '0', NULL, 1, '2004-10-15', '24');
INSERT INTO `label` VALUES (78, 'M2-silver', 'M2-silver', '0', '194.86', '0', NULL, NULL, NULL, NULL, NULL, '0', NULL, 1, '2004-10-15', '25');
INSERT INTO `label` VALUES (79, 'M2-grey', 'M2-grey', '0', '194.86', '0', NULL, NULL, NULL, NULL, NULL, '0', NULL, 1, '2004-10-15', '26');
INSERT INTO `label` VALUES (80, 'M2 - Anti brass', 'M2 - Anti brass', '0', '194.86', '0', NULL, NULL, NULL, NULL, NULL, '0', NULL, 1, '2005-03-31', '27');
INSERT INTO `label` VALUES (81, 'M2-copper', 'M2-copper', '0', '144.34', '0', NULL, NULL, NULL, NULL, NULL, '0', NULL, 3, '2003-12-30', '28');
INSERT INTO `label` VALUES (82, 'M2-copper', 'M2-copper', '0', '194.86', '0', NULL, NULL, NULL, NULL, NULL, '0', NULL, 1, '2004-10-15', '28');
INSERT INTO `label` VALUES (83, 'M2- gold', 'M2- gold', '0', '194.86', '0', NULL, NULL, NULL, NULL, NULL, '0', NULL, 1, '2004-10-15', '29');
INSERT INTO `label` VALUES (84, 'M3- black', 'M3- black', '0', '147.44', '0', NULL, NULL, NULL, NULL, NULL, '0', NULL, 1, '2004-10-15', '30');
INSERT INTO `label` VALUES (85, 'M3-silver', 'M3- silver', '0', '147.44', '0', NULL, NULL, NULL, NULL, NULL, '0', NULL, 1, '2004-10-15', '31');
INSERT INTO `label` VALUES (86, 'M3- grey', 'M3- grey', '0', '147.44', '0', NULL, NULL, NULL, NULL, NULL, '0', NULL, 1, '2004-10-15', '32');
INSERT INTO `label` VALUES (87, 'M3 - Anti brass', 'M3 - Anti brass', '0', '147.44', '0', NULL, NULL, NULL, NULL, NULL, '0', NULL, 1, '2005-03-31', '33');
INSERT INTO `label` VALUES (88, 'M3-copper', 'M3-copper', '0', '147.44', '0', NULL, NULL, NULL, NULL, NULL, '0', NULL, 1, '2004-10-15', '34');
INSERT INTO `label` VALUES (89, 'M3- gold', 'M3- gold', '0', '147.44', '0', NULL, NULL, NULL, NULL, NULL, '0', NULL, 1, '2004-10-15', '35');
INSERT INTO `label` VALUES (90, 'M4- black', 'M4- black', '0', '58.77', '0', NULL, NULL, NULL, NULL, NULL, '0', NULL, 1, '2004-10-15', '36');
INSERT INTO `label` VALUES (91, 'M4-silver', 'M4-silver', '0', '58.77', '0', NULL, NULL, NULL, NULL, NULL, '0', NULL, 1, '2004-10-15', '37');
INSERT INTO `label` VALUES (92, 'M4-grey', 'M4-grey', '0', '58.77', '0', NULL, NULL, NULL, NULL, NULL, '0', NULL, 1, '2004-10-15', '38');
INSERT INTO `label` VALUES (93, 'M4 - Anti brass', 'M4 - Anti brass', '0', '58.77', '0', NULL, NULL, NULL, NULL, NULL, '0', NULL, 1, '2005-03-31', '39');
INSERT INTO `label` VALUES (94, 'M4-copper', 'M4-copper', '0', '58.77', '0', NULL, NULL, NULL, NULL, NULL, '0', NULL, 1, '2004-10-15', '40');
INSERT INTO `label` VALUES (95, 'M4 - gold', 'M4 - gold', '0', '58.77', '0', NULL, NULL, NULL, NULL, NULL, '0', NULL, 1, '2004-10-15', '41');
INSERT INTO `label` VALUES (96, 'M5 - black', 'M5 - black', '0', '70.1', '0', NULL, NULL, NULL, NULL, NULL, '0', NULL, 1, '2004-10-15', '42');
INSERT INTO `label` VALUES (97, 'M5 - silver', 'M5 - silver', '0', '70.1', '0', NULL, NULL, NULL, NULL, NULL, '0', NULL, 1, '2004-10-15', '43');
INSERT INTO `label` VALUES (98, 'M5-copper', 'M5-copper', '0', '51.55', '0', NULL, NULL, NULL, NULL, NULL, '0', NULL, 3, '2004-01-08', '44');
INSERT INTO `label` VALUES (99, 'M5-copper', 'M5-copper', '0', '70.1', '0', NULL, NULL, NULL, NULL, NULL, '0', NULL, 1, '2004-10-15', '47');
INSERT INTO `label` VALUES (100, 'M5-grey', 'M5-grey', '0', '70.1', '0', NULL, NULL, NULL, NULL, NULL, '0', NULL, 1, '2004-10-15', '45');
INSERT INTO `label` VALUES (101, 'M5 - Anti brass', 'M5 - Anti brass', '0', '70.1', '0', NULL, NULL, NULL, NULL, NULL, '0', NULL, 1, '2005-03-31', '46');
INSERT INTO `label` VALUES (102, 'M5-gold', 'M5-gold', '0', '70.1', '0', NULL, NULL, NULL, NULL, NULL, '0', NULL, 3, '2004-12-01', '48');
INSERT INTO `label` VALUES (103, 'M6- black', 'M6- black', '0', '86.6', '0', NULL, NULL, NULL, NULL, NULL, '0', NULL, 1, '2004-10-15', '49');
INSERT INTO `label` VALUES (104, 'M6-silver', 'M6-silver', '0', '86.6', '0', NULL, NULL, NULL, NULL, NULL, '0', NULL, 1, '2004-10-15', '50');
INSERT INTO `label` VALUES (105, 'M6-grey', 'M6-grey', '0', '86.6', '0', NULL, NULL, NULL, NULL, NULL, '0', NULL, 1, '2004-10-15', '51');
INSERT INTO `label` VALUES (106, 'M6 - Anti brass', 'M6 - Anti brass', '0', '86.6', '0', NULL, NULL, NULL, NULL, NULL, '0', NULL, 1, '2005-03-31', '52');
INSERT INTO `label` VALUES (107, 'M6-copper', 'M6-copper', '0', '86.6', '0', NULL, NULL, NULL, NULL, NULL, '0', NULL, 1, '2004-10-15', '53');
INSERT INTO `label` VALUES (108, 'M6-gold', 'M6-gold', '0', '86.6', '0', NULL, NULL, NULL, NULL, NULL, '0', NULL, 1, '2004-10-15', '54');
INSERT INTO `label` VALUES (109, 'B8', 'B8', '0', '433', '0', NULL, NULL, NULL, NULL, NULL, '500', NULL, 3, '2004-10-14', '53');
INSERT INTO `label` VALUES (110, 'E1', 'E1', '0', '28', '0', NULL, NULL, NULL, NULL, NULL, '500', NULL, 1, '2004-10-15', '12');
INSERT INTO `label` VALUES (111, 'E2', 'E2', '0', '24', '0', NULL, NULL, NULL, NULL, NULL, '0', NULL, 1, '2004-10-15', '12');
INSERT INTO `label` VALUES (112, 'B8', 'B8', '0', '433', '0', NULL, NULL, NULL, NULL, NULL, '500', NULL, 1, '2004-10-15', '8');
INSERT INTO `label` VALUES (113, 'B12', 'B12', '0', '210', '0', NULL, NULL, NULL, NULL, NULL, '500', NULL, 1, '2004-10-15', '11');
INSERT INTO `label` VALUES (114, 'E12', 'E12', '0', '22', '0', NULL, NULL, NULL, NULL, NULL, '500', NULL, 1, '2004-10-15', '17');
INSERT INTO `label` VALUES (115, 'M2-grey', 'M2-grey', '0', '194.86', '0', NULL, NULL, NULL, NULL, NULL, '0', NULL, 1, '2004-10-15', '26');

# --------------------------------------------------------

#
# โครงสร้างตาราง `label_name`
#

DROP TABLE IF EXISTS `label_name`;
CREATE TABLE `label_name` (
  `label_name_id` int(11) NOT NULL auto_increment,
  `label_id` decimal(10,0) default NULL,
  `language_id` decimal(10,0) default NULL,
  `label_name` varchar(50) default NULL,
  `label_detail` blob,
  `label_img` varchar(50) default NULL,
  `STATUS` decimal(10,0) default NULL,
  PRIMARY KEY  (`label_name_id`)
) TYPE=MyISAM AUTO_INCREMENT=145 ;

#
# dump ตาราง `label_name`
#

INSERT INTO `label_name` VALUES (1, '1', '1', 'mor123', 0x6d6f7267616e20313233, NULL, '1');
INSERT INTO `label_name` VALUES (2, '2', '1', 'mor123', 0x4d6174657269616c203a20536174696e3c62723e5765617665203a2044616d61736b3c62723e466f6c643a20456e64666c6f643c62723e, NULL, '1');
INSERT INTO `label_name` VALUES (3, '3', '1', 'Mgn008(B2)', 0x4d6174657269616c203a20536174696e3c62723e5765617665203a2044616d61736b3c62723e466f6c643a20456e64666c6f643c62723e, NULL, '1');
INSERT INTO `label_name` VALUES (4, '4', '1', 'Mgn008(B2)', 0x4d6174657269616c203a20536174696e3c62723e5765617665203a2044616d61736b3c62723e466f6c643a20456e64666c6f643c62723e, NULL, '1');
INSERT INTO `label_name` VALUES (5, '5', '1', 'Mgn008(B2)', 0x4d6174657269616c203a20536174696e3c62723e5765617665203a2044616d61736b3c62723e466f6c643a20456e64666c6f643c62723e, NULL, '1');
INSERT INTO `label_name` VALUES (6, '6', '1', 'Mgn008(B2)', 0x4d6174657269616c203a20536174696e3c62723e5765617665203a2044616d61736b3c62723e466f6c643a20456e64666c6f643c62723e, NULL, '1');
INSERT INTO `label_name` VALUES (7, '7', '1', 'mor123', 0x6d6f7267616e20313233, NULL, '1');
INSERT INTO `label_name` VALUES (8, '7', '1', 'fdsafsadfdsa', '', NULL, '1');
INSERT INTO `label_name` VALUES (9, '7', '1', 'fdsafsadfdsa', '', NULL, '1');
INSERT INTO `label_name` VALUES (10, '7', '1', 'fafa', 0x6661666166646166, NULL, '1');
INSERT INTO `label_name` VALUES (11, '8', '1', 'c21', 0x647a76736467, NULL, '1');
INSERT INTO `label_name` VALUES (12, '9', '1', 'www', 0x786666626466686a646768, NULL, '1');
INSERT INTO `label_name` VALUES (13, '10', '1', 'ee123', 0x5465737420427920616872, NULL, '1');
INSERT INTO `label_name` VALUES (14, '10', '1', 'ee123', 0x5465737420427920616872, NULL, '1');
INSERT INTO `label_name` VALUES (15, '10', '1', 'ee123', 0x5465737420427920616872, NULL, '1');
INSERT INTO `label_name` VALUES (16, '11', '1', 'rrr', 0x686a627a64673b6c73646667, NULL, '1');
INSERT INTO `label_name` VALUES (17, '11', '1', 'rur', 0x757972757275, NULL, '1');
INSERT INTO `label_name` VALUES (18, '11', '1', 'vz', 0x76637a76, NULL, '1');
INSERT INTO `label_name` VALUES (19, '12', '1', 'ahr', 0x7a787662767863626378, NULL, '1');
INSERT INTO `label_name` VALUES (20, '13', '1', 'test12', 0x746573743132, NULL, '1');
INSERT INTO `label_name` VALUES (21, '13', '1', 'sfdsd', 0x6664736664, NULL, '1');
INSERT INTO `label_name` VALUES (22, '13', '1', 'sfdsd', 0x6664736664, NULL, '1');
INSERT INTO `label_name` VALUES (23, '13', '1', 'fgdfgdfgfdsg', 0x66646766647367646667, NULL, '1');
INSERT INTO `label_name` VALUES (24, '14', '1', 'test13', 0x746573743133, NULL, '1');
INSERT INTO `label_name` VALUES (25, '14', '1', 'test13', 0x746573743133, NULL, '1');
INSERT INTO `label_name` VALUES (26, '14', '1', 'test13', 0x746573743133, NULL, '1');
INSERT INTO `label_name` VALUES (27, '14', '1', 'test13', 0x746573743133, NULL, '1');
INSERT INTO `label_name` VALUES (28, '15', '1', 'df', 0x6466, NULL, '1');
INSERT INTO `label_name` VALUES (29, '15', '1', 'bb', 0x6262, NULL, '1');
INSERT INTO `label_name` VALUES (30, '16', '1', 'df1', 0x646631, NULL, '1');
INSERT INTO `label_name` VALUES (31, '16', '1', 'cc', 0x6363, NULL, '1');
INSERT INTO `label_name` VALUES (32, '16', '1', 'cc1', 0x636331, NULL, '1');
INSERT INTO `label_name` VALUES (33, '16', '1', 'bb', 0x6262, NULL, '1');
INSERT INTO `label_name` VALUES (34, '17', '1', 'bb', 0x6262, NULL, '1');
INSERT INTO `label_name` VALUES (35, '17', '1', 'bb1', 0x626231, NULL, '1');
INSERT INTO `label_name` VALUES (36, '18', '1', 'bb1', 0x626231, NULL, '1');
INSERT INTO `label_name` VALUES (37, '19', '1', 'cc', 0x6363, NULL, '1');
INSERT INTO `label_name` VALUES (38, '20', '1', 'ccc', 0x636363, NULL, '1');
INSERT INTO `label_name` VALUES (39, '21', '1', 'morgan label', 0x646664736166647361, NULL, '1');
INSERT INTO `label_name` VALUES (40, '22', '1', 'morgan label', '', NULL, '1');
INSERT INTO `label_name` VALUES (41, '23', '1', 'morgan label', '', NULL, '1');
INSERT INTO `label_name` VALUES (42, '24', '1', 'morgan label', '', NULL, '1');
INSERT INTO `label_name` VALUES (43, '25', '1', 'MORGAN SMALL LABEL', 0x4d4943524f2044616d61736b202f20456e6420466f6c643c62723e53697a652031362078203538202f203730206d6d2e3c62723e4e5720302e32206b672e202f20312c303030207063732e, NULL, '1');
INSERT INTO `label_name` VALUES (44, '26', '1', 'MORGAN NYLON LABEL', 0x4e796c6f6e202f206f6e20726f6c6c207769647468203435206d6d2e, NULL, '1');
INSERT INTO `label_name` VALUES (45, '27', '1', 'MGN HANG TAG', 0x48616e67746167204172742070617065722c3c62723e53697a652035352078203735206d6d2e3c62723e, NULL, '1');
INSERT INTO `label_name` VALUES (46, '28', '1', 'MORGAN P 75 X 110', 0x506c6173746963202f2053697a65203735207820313130206d6d2e202f20546869636b6e65737320302e34206d6963726f6e2e, NULL, '1');
INSERT INTO `label_name` VALUES (47, '29', '1', 'MORGAN P 75 X 100', 0x506c6173746963202f2053697a65203735207820313030206d6d2e202f20546869636b6e65737320302e34206d6963726f6e2e3c62723e, NULL, '1');
INSERT INTO `label_name` VALUES (48, '30', '1', 'MORGAN P 60 x 108', 0x506c6173746963202f2053697a65203630207820313038206d6d2e202f20546869636b6e65737320302e34206d6963726f6e2e, NULL, '1');
INSERT INTO `label_name` VALUES (49, '31', '1', 'MORGAN LES ACCSSORIES', 0x506c617374696320302e34206d6963726f6e2c2044696520437574203c62723e53697a652035352078203730206d6d2e, NULL, '1');
INSERT INTO `label_name` VALUES (50, '32', '1', 'MORGAN LEATHER LABEL', 0x4c656174686572202c2053697a652034302078203630206d6d2e202c204e572032206b67732e, NULL, '1');
INSERT INTO `label_name` VALUES (51, '33', '1', 'TIGHT  PACKAGING', 0x41727470617065722033313067202c207072696e7420616e6420636f6174207368616465207661726e696368202c20706c61737469632077696e646f77202c2064696520637574202c2073697a652031373678323232206d6d2e203c62723e6e772e203238206b672f312c30303020706373, NULL, '1');
INSERT INTO `label_name` VALUES (52, '34', '1', 'MORGAN BOX', 0x41727470617065722033313067202c207072696e7420616e6420636f61742073686164652076616e69636820312073696465202c20706c61737469632077696e646f77202c2064696520637574202c2073697a652031373678323232206d6d2e202c206e772e203238206b672f312c30303020706373, NULL, '1');
INSERT INTO `label_name` VALUES (53, '35', '1', 'MORGAN WOVEN LABEL', 0x204d6963726f2064616d61736b202f20656e6420666f6c643c62723e2b20556c747261736f6e6963206375742073697a652031367835382f3730206d6d2e3c62723e, NULL, '1');
INSERT INTO `label_name` VALUES (54, '36', '1', 'MORGAN WOVEN LABEL', 0x576f76656e204c6162656c202d204d6963726f2064616d61736b202f20656d6420666f6c643c62723e2b20556c747261736f6e6963206375742073697a652031367835382f3730206d6d2e3c62723e, NULL, '1');
INSERT INTO `label_name` VALUES (55, '37', '1', 'MORGAN WOVEN LABEL', 0x576f76656e204c6162656c202d204d6963726f2064616d61736b202f20656e6420666f6c643c62723e2b20556c747261736f6e6963206375742073697a652031367835382f3730206d6d2e3c62723e, NULL, '1');
INSERT INTO `label_name` VALUES (56, '38', '1', 'MORGAN HANG TAG', 0x48414e4720544147202d2041525450415045522032333020472e202b20434f41542056414e49534820312053494445202b20484f4c452050554e43482034204d4d2e202b204e4f524d414c20435554202f2053495a4520333558313230204d4d2e, NULL, '1');
INSERT INTO `label_name` VALUES (57, '39', '1', 'MORGAN HANG TAG', 0x2041525450415045522032333020472e202b20434f41542056414e49534820312053494445202b20484f4c452050554e43482034204d4d2e202b204e4f524d414c20435554202f2053495a4520333558313230204d4d2e, NULL, '1');
INSERT INTO `label_name` VALUES (58, '40', '1', 'PRINTED LABEL', 0x526962626f6e204e796c6f6e202b204f6e726f6c6c202c205769647468203435204d4d2e, NULL, '1');
INSERT INTO `label_name` VALUES (59, '41', '1', 'MORGAN LES ACCESSORIES', 0x506c617374696320302e34206d6963726f6e2c20446965204375743c62723e53697a65203735207820313130206d6d2e, NULL, '1');
INSERT INTO `label_name` VALUES (60, '42', '1', 'MORGAN LES ACCESSORIES', 0x506c617374696320302e34206d6963726f6e2c204374722e20466f6c643c62723e53697a65203735207820313030206d6d2e, NULL, '1');
INSERT INTO `label_name` VALUES (61, '43', '1', 'MORGAN LES ACCESSORIES', 0x506c617374696320302e34206d6963726f6e2c204374722e20466f6c64203c62723e53697a65203630207820313038206d6d2e, NULL, '1');
INSERT INTO `label_name` VALUES (62, '44', '1', 'MORGAN LES ACCESSOIRES', 0x506c617374696320302e34204d6963726f6e202c2044696520437574203c62723e53697a652035352078203730204d4d2e, NULL, '1');
INSERT INTO `label_name` VALUES (63, '45', '1', 'PAPER BOX', 0x4172742070617065722033313020672e202b7072696e7420616e6420636f61742073686164652076616e69636820312073696465202b20506c61737469632077696e646f77202b2064696520637574203c62723e53697a6520313736207820323232204d4d2e, NULL, '1');
INSERT INTO `label_name` VALUES (64, '46', '1', 'LEATHER LABEL', 0x4c656174686572202c2053697a652034302058203630204d4d2e3c62723e, NULL, '1');
INSERT INTO `label_name` VALUES (65, '47', '1', 'Printed import Label', 0x4e796c6f6e2c20486f7420637574203c62723e53697a65203330207820313030206d6d2e, NULL, '1');
INSERT INTO `label_name` VALUES (66, '48', '1', 'MORGAN LES ACCESSORIES', 0x506c617374696320302e34206d6963726f6e2c204374722e20466f6c64203c62723e53697a65203735207820313135206d6d2e3c62723e, NULL, '1');
INSERT INTO `label_name` VALUES (67, '49', '1', 'MORGAN LES ACCESSORIES', 0x506c617374696320302e34206d6963726f6e2c204374722e20466f6c64203c62723e53697a65203735207820313330206d6d2e3c62723e, NULL, '1');
INSERT INTO `label_name` VALUES (68, '50', '1', 'MORGAN  LES ACCESSORIES', 0x506c617374696320302e34206d6963726f6e2c20446965204375743c62723e53697a652037352078203735206d6d2e, NULL, '1');
INSERT INTO `label_name` VALUES (69, '51', '1', 'MORGAN LES ACCESSORIES', 0x506c617374696320302e34206d6963726f6e2c20446965204375743c62723e53697a652037352078203735206d6d2e, NULL, '1');
INSERT INTO `label_name` VALUES (70, '52', '1', 'MORGAN STICKER', 0x576869746520537469636b65722c20446965204375743c62723e53697a652031332058203432206d6d2e, NULL, '1');
INSERT INTO `label_name` VALUES (71, '53', '1', 'MORGAN WOVEN LABEL', 0x44616d61736b202f20486f7420437574202b20556c747261736f6e6963206375742077697468204164686573697665206261636b696e673c62723e53697a652031392078203635206d6d2e, NULL, '1');
INSERT INTO `label_name` VALUES (72, '54', '1', 'Normal Printed Label', 0x4e796c6f6e202b4f6e20726f6c6c202c207769647468203435206d6d2e, NULL, '1');
INSERT INTO `label_name` VALUES (73, '55', '1', 'MORGAN WOVEN LABEL', 0x44616d61736b202f20456e6420666f6c64202b20556c747261736f6e6963206375743c62723e53697a6520313620782035382f3730206d6d2e3c62723e6e772e203d20302e32206b672f312c303030, NULL, '1');
INSERT INTO `label_name` VALUES (74, '56', '1', 'JEAN PATCH', 0x4c656174686572202c2053697a652034302078203630204d4d2e2c203c62723e6e772e3d2032206b672e2f312c303030, NULL, '1');
INSERT INTO `label_name` VALUES (76, '58', '1', 'MORGAN LES ACCESSORIES', 0x506c617374696320302e34206d6963726f6e207769746820686f6f6b65722c204374722e466f6c643c62723e53697a65203335207820323036206d6d2e, NULL, '1');
INSERT INTO `label_name` VALUES (75, '57', '1', 'Printed transparent sticker', 0x5072696e746564207472616e73706172656e7420737469636b65722c20446965206375743c62723e53697a652033302078203530206d6d2e, NULL, '1');
INSERT INTO `label_name` VALUES (77, '59', '1', 'MORGAN LES ACCESSORIES', 0x506c617374696320302e34206d6963726f6e2c20446965206375743c62723e53697a65203835207820313833206d6d2e, NULL, '1');
INSERT INTO `label_name` VALUES (78, '60', '1', 'Morgan metal accessories', 0x3f3f3f3f3f3f3f3f3f3f, NULL, '1');
INSERT INTO `label_name` VALUES (79, '61', '1', 'Morgan metal accessories', 0x6d6f7267616e206d6574616c20636f6c6f7220616e7469717565206272617373, NULL, '1');
INSERT INTO `label_name` VALUES (80, '61', '1', 'Morgan metal accessories', 0x6d6f7267616e206d6574616c20636f6c6f7220616e7469717565206272617373, NULL, '1');
INSERT INTO `label_name` VALUES (81, '62', '1', 'Morgan metal accessories', 0x3f3f3f3f3f3f3f3f3f3f, NULL, '1');
INSERT INTO `label_name` VALUES (82, '63', '1', 'Morgan metal accessories', 0x3f3f3f3f3f3f3f3f3f3f, NULL, '1');
INSERT INTO `label_name` VALUES (83, '64', '1', 'Morgan metal accessories', 0x3f3f3f3f3f3f3f3f3f3f, NULL, '1');
INSERT INTO `label_name` VALUES (84, '65', '1', 'Morgan metal accessories', 0x3f3f3f3f3f3f3f3f3f3f, NULL, '1');
INSERT INTO `label_name` VALUES (85, '66', '1', 'Morgan metal accessories', 0x3f3f3f3f3f3f3f3f3f3f, NULL, '1');
INSERT INTO `label_name` VALUES (86, '41', '13', 'test1', 0x7465737431, NULL, '1');
INSERT INTO `label_name` VALUES (87, '66', '1', 'mgn26', 0x6d6f7267616e206d6574616c20636f6c6f7220626c61636b2028656e616d656c6c656429, NULL, '1');
INSERT INTO `label_name` VALUES (88, '67', '1', 'Morgan metal accessories', 0x6d6f7267616e206d6574616c20636f6c6f7220626c61636b2028656e616d656c6c656429, NULL, '1');
INSERT INTO `label_name` VALUES (89, '68', '1', 'Morgan metal accessories', 0x6d6f7267616e206d6574616c20636f6c6f7220616e7469717565206272617373, NULL, '1');
INSERT INTO `label_name` VALUES (90, '69', '1', 'Morgan metal accessories', 0x4d6f7267616e206d6574616c202d20456e616d656c2028426c61636b29, NULL, '1');
INSERT INTO `label_name` VALUES (91, '70', '1', 'Morgan metal accessories', 0x6d6f7267616e206d6574616c206163636573736f72696573, NULL, '1');
INSERT INTO `label_name` VALUES (92, '70', '1', 'Morgan metal accessories', 0x6d6f7267616e206d6574616c206163636573736f72696573, NULL, '1');
INSERT INTO `label_name` VALUES (93, '70', '1', 'Morgan metal accessories', 0x6d6f7267616e206d6574616c206163636573736f72696573, NULL, '1');
INSERT INTO `label_name` VALUES (94, '70', '1', 'Morgan metal accessories', 0x6d6f7267616e206d6574616c206163636573736f72696573, NULL, '1');
INSERT INTO `label_name` VALUES (95, '70', '1', 'Morgan metal accessories', 0x6d6f7267616e206d6574616c206163636573736f72696573, NULL, '1');
INSERT INTO `label_name` VALUES (96, '70', '1', 'Morgan metal accessories', 0x6d6f7267616e206d6574616c206163636573736f72696573, NULL, '1');
INSERT INTO `label_name` VALUES (97, '70', '1', 'Morgan metal accessories', 0x6d6f7267616e206d6574616c206163636573736f72696573, NULL, '1');
INSERT INTO `label_name` VALUES (98, '70', '1', 'Morgan metal accessories', 0x6d6f7267616e206d6574616c206163636573736f72696573, NULL, '1');
INSERT INTO `label_name` VALUES (99, '71', '1', 'm', 0x686867686768, NULL, '1');
INSERT INTO `label_name` VALUES (100, '71', '1', 'M1-silver', '', NULL, '1');
INSERT INTO `label_name` VALUES (101, '72', '1', 'Morgan metal accessoires', 0x4d6f7267616e206d6574616c202d206e6f6e206e69636b656c202873696c76657229, NULL, '1');
INSERT INTO `label_name` VALUES (102, '73', '1', 'Morgan metal accessories', 0x4d6f7267616e206d6574616c202d2047756e206d6574616c20284772657929, NULL, '1');
INSERT INTO `label_name` VALUES (103, '74', '1', 'Morgan metal accessories', 0x4d6f7267616e206d6574616c202d20416e7469206272617373, NULL, '1');
INSERT INTO `label_name` VALUES (104, '75', '1', 'Morgan metal accessories', 0x4d6f7267616e206d6574616c202d20436f70706572, NULL, '1');
INSERT INTO `label_name` VALUES (105, '76', '1', 'Morgan metal accessories', 0x4d6f7267616e206d6574616c202d204d61747420676f6c64, NULL, '1');
INSERT INTO `label_name` VALUES (106, '77', '1', 'Morgan metal accessories', 0x4d6f7267616e206d6574616c202d20456e616d656c2028426c61636b29, NULL, '1');
INSERT INTO `label_name` VALUES (107, '78', '1', 'Morgan metal accessories', 0x4d6f7267616e206d6574616c202d204e6f6e206e69636b656c202853696c76657229, NULL, '1');
INSERT INTO `label_name` VALUES (108, '79', '1', 'Morgan metal accessories', 0x4d6f7267616e206d6574616c202d2047756e206d6574616c20284772657929, NULL, '1');
INSERT INTO `label_name` VALUES (109, '80', '1', 'Morgan metal accessories', 0x4d6f7267616e206d6574616c202d20416e7469206272617373, NULL, '1');
INSERT INTO `label_name` VALUES (110, '81', '1', 'morgan metal accessoires', 0x6d6f7267616e206d6574616c202d20636f70706572, NULL, '1');
INSERT INTO `label_name` VALUES (111, '82', '1', 'Morgan metal accessoires', 0x4d6f7267616e206d6574616c202d20436f70706572, NULL, '1');
INSERT INTO `label_name` VALUES (112, '83', '1', 'Morgan metal accessories', 0x4d6f7267616e206d6574616c202d204d61747420676f6c64, NULL, '1');
INSERT INTO `label_name` VALUES (113, '84', '1', 'Morgan metal accessories', 0x4d6f7267616e206d6574616c202d20456e616d656c2028426c61636b29, NULL, '1');
INSERT INTO `label_name` VALUES (114, '85', '1', 'Morgan metal accessories', 0x4d6f7267616c206d6574616c202d204e6f6e206e69636b656c202853696c76657229, NULL, '1');
INSERT INTO `label_name` VALUES (115, '86', '1', 'Morgan metal accessories', 0x4d6f7267616e206d6574616c202d2047756e206d6574616c20284772657929, NULL, '1');
INSERT INTO `label_name` VALUES (116, '87', '1', 'Morgan metal accessories', 0x4d6f7267616e206d6574616c202d20416e7469206272617373, NULL, '1');
INSERT INTO `label_name` VALUES (117, '88', '1', 'Morgan metal accessories', 0x4d6f7267616e206d6574616c202d20436f70706572, NULL, '1');
INSERT INTO `label_name` VALUES (118, '89', '1', 'Morgan metal accessories', 0x4d6f7267616e206d6574616c202d204d61747420676f6c64, NULL, '1');
INSERT INTO `label_name` VALUES (119, '90', '1', 'Morgan metal accessories', 0x4d6f7267616e206d6574616c202d20456e616d656c2028426c61636b29, NULL, '1');
INSERT INTO `label_name` VALUES (120, '91', '1', 'Morgan metal accessories', 0x4d6f7267616e206d6574616c202d204e6f6e206e69636b656c202853696c76657229, NULL, '1');
INSERT INTO `label_name` VALUES (121, '92', '1', 'Morgan metal accessories', 0x4d6f7267616e206d6574616c202d2047756e206d6574616c20284772657929, NULL, '1');
INSERT INTO `label_name` VALUES (122, '93', '1', 'Morgan metal accessories', 0x4d6f7267616e206d6574616c202d20416e7469206272617373, NULL, '1');
INSERT INTO `label_name` VALUES (123, '94', '1', 'Morgan metal accessories', 0x4d6f7267616e206d6574616c202d20436f70706572, NULL, '1');
INSERT INTO `label_name` VALUES (124, '95', '1', 'Morgan metal accessories', 0x4d6f7267616e206d6574616c202d20476f6c64, NULL, '1');
INSERT INTO `label_name` VALUES (125, '96', '1', 'Morgan metal accessories', 0x4d6f7267616e206d6574616c202d20456e616d656c2028426c61636b29, NULL, '1');
INSERT INTO `label_name` VALUES (126, '97', '1', 'Morgan metal accessories', 0x4d6f7267616e206d6574616c202d204e6f6e206e69636b656c202853696c76657229, NULL, '1');
INSERT INTO `label_name` VALUES (127, '98', '1', 'morgan metal accessoires', 0x6d6f7267616e206d6574616c202d20636f70706572, NULL, '1');
INSERT INTO `label_name` VALUES (128, '99', '1', 'Morgan metal accessories', 0x4d6f7267616e206d6574616c202d20436f70706572, NULL, '1');
INSERT INTO `label_name` VALUES (129, '100', '1', 'Morgan metal accessories', 0x4d6f7267616e206d6574616c202d2047756e206d6574616c20284772657929, NULL, '1');
INSERT INTO `label_name` VALUES (130, '101', '1', 'Morgan metal accessories', 0x4d6f7267616e206d6574616c202d20416e7469206272617373, NULL, '1');
INSERT INTO `label_name` VALUES (131, '102', '1', 'Morgan metal accessories', 0x4d6f7267616e206d6574616c202d204d61747420676f6c64, NULL, '1');
INSERT INTO `label_name` VALUES (132, '103', '1', 'Morgan metal accessories', 0x4d6f7267616e206d6574616c202d20456e616d656c2028426c61636b293c62723e, NULL, '1');
INSERT INTO `label_name` VALUES (133, '104', '1', 'Morgan metal accessories', 0x4d6f7267616e206d6574616c202d204e6f6e206e69636b656c202853696c76657229, NULL, '1');
INSERT INTO `label_name` VALUES (134, '105', '1', 'Morgan metal accessories', 0x4d6f7267616e206d6574616c202d2047756e206d6574616c20284772657929, NULL, '1');
INSERT INTO `label_name` VALUES (135, '106', '1', 'Morgan metal accessories', 0x4d6f7267616e206d6574616c202d20416e7469206272617373, NULL, '1');
INSERT INTO `label_name` VALUES (136, '107', '1', 'Morgan metal accessories', 0x4d6f7267616e206d6574616c202d20436f70706572, NULL, '1');
INSERT INTO `label_name` VALUES (137, '108', '1', 'Morgan metal accessories', 0x4d6f7267616e206d6574616c202d204d61747420676f6c64, NULL, '1');
INSERT INTO `label_name` VALUES (138, '109', '1', 'packing box', 0x41727470617065722033313020672e202c207072696e7420616e6420636f61742073686164652076616e69636820312073696465202c20506c61737469632077696e646f77202c206469656375743c62723e53697a6520313736207820323232206d6d2e, NULL, '1');
INSERT INTO `label_name` VALUES (139, '110', '1', 'Morgan Hang tag (Pink)', 0x4172742070617065723c62723e53697a652034302078203830206d6d2e, NULL, '1');
INSERT INTO `label_name` VALUES (140, '111', '1', 'Morgan Woven label (Pink)', 0x536174696e202f20456e6420666f6c64202b20556c747261736f6e696320637574203c62723e53697a652020313320782035302f363220206d6d2e, NULL, '1');
INSERT INTO `label_name` VALUES (141, '112', '1', 'Box', 0x426f782c20706c61737469632077696e646f773c62723e53697a6520313736207820323232206d6d2e, NULL, '1');
INSERT INTO `label_name` VALUES (142, '113', '1', 'Morgan accessories plastic tag', 0x506c617374696320373030206d6963726f6e2c20446965206375742c3c62723e53697a652037352078203735206d6d2e20, NULL, '1');
INSERT INTO `label_name` VALUES (143, '114', '1', 'Printed care label', 0x4e796c6f6e2c20486f74206375743c62723e53697a65203330207820313030206d6d2e, NULL, '1');
INSERT INTO `label_name` VALUES (144, '115', '1', 'Morgan metal accessories', 0x4d6f7267616e206d6574616c202d2047756e206d6574616c20284772657929, NULL, '1');

# --------------------------------------------------------

#
# โครงสร้างตาราง `language`
#

DROP TABLE IF EXISTS `language`;
CREATE TABLE `language` (
  `language_id` int(11) NOT NULL auto_increment,
  `language_name` varchar(30) default NULL,
  `language_abbr` varchar(10) default NULL,
  `STATUS` decimal(10,0) default NULL,
  PRIMARY KEY  (`language_id`)
) TYPE=MyISAM AUTO_INCREMENT=16 ;

#
# dump ตาราง `language`
#

INSERT INTO `language` VALUES (1, 'English', 'En', '1');
INSERT INTO `language` VALUES (2, 'Spanish', 'Sp', '0');
INSERT INTO `language` VALUES (5, 'Spanish', 'Sp', '0');
INSERT INTO `language` VALUES (9, 'Thailand', 'Th', '0');
INSERT INTO `language` VALUES (12, 'Italy', 'ity', '0');
INSERT INTO `language` VALUES (13, 'French', 'French', '1');
INSERT INTO `language` VALUES (14, 'Italy', 'Italy', '0');
INSERT INTO `language` VALUES (15, 'Spanish', 'Spanish', '1');

# --------------------------------------------------------

#
# โครงสร้างตาราง `order_track`
#

DROP TABLE IF EXISTS `order_track`;
CREATE TABLE `order_track` (
  `order_track_id` int(11) NOT NULL auto_increment,
  `label_id` decimal(10,0) default NULL,
  `purchase_id` decimal(10,0) default NULL,
  `amount` decimal(10,0) default NULL,
  `gament_id` varchar(10) default NULL,
  `order_track_status` decimal(10,0) default NULL,
  `status_note` blob,
  `status` decimal(10,0) default NULL,
  PRIMARY KEY  (`order_track_id`)
) TYPE=MyISAM AUTO_INCREMENT=470 ;

#
# dump ตาราง `order_track`
#

INSERT INTO `order_track` VALUES (3, '58', '2', '250000', '', '0', '', '2');
INSERT INTO `order_track` VALUES (2, '43', '1', '120000', '', '0', '', '2');
INSERT INTO `order_track` VALUES (6, '42', '4', '50000', '', '0', '', '2');
INSERT INTO `order_track` VALUES (5, '58', '3', '120000', '', '0', '', '2');
INSERT INTO `order_track` VALUES (7, '43', '5', '25000', '', '0', '', '2');
INSERT INTO `order_track` VALUES (8, '41', '4', '10000', '', '0', '', '2');
INSERT INTO `order_track` VALUES (9, '55', '6', '200000', '', '0', '', '2');
INSERT INTO `order_track` VALUES (10, '59', '6', '200000', '', '0', '', '2');
INSERT INTO `order_track` VALUES (11, '51', '7', '100000', '', '0', '', '2');
INSERT INTO `order_track` VALUES (12, '33', '7', '100000', '', '0', '', '2');
INSERT INTO `order_track` VALUES (13, '41', '8', '500', '', '0', '', '2');
INSERT INTO `order_track` VALUES (17, '55', '11', '2000', '', NULL, NULL, '2');
INSERT INTO `order_track` VALUES (15, '27', '10', '2200', '', NULL, NULL, '2');
INSERT INTO `order_track` VALUES (16, '57', '10', '2200', '', NULL, NULL, '2');
INSERT INTO `order_track` VALUES (18, '47', '11', '2000', '', NULL, NULL, '2');
INSERT INTO `order_track` VALUES (38, '50', '17', '2365', '', '0', '', '2');
INSERT INTO `order_track` VALUES (20, '27', '12', '3000', '', NULL, NULL, '2');
INSERT INTO `order_track` VALUES (36, '42', '16', '2564', '', '0', '', '2');
INSERT INTO `order_track` VALUES (23, '57', '12', '2365', '', NULL, NULL, '2');
INSERT INTO `order_track` VALUES (29, '41', '13', '10000', '', '0', '', '2');
INSERT INTO `order_track` VALUES (28, '41', '9', '25225432453', '', '0', '', '2');
INSERT INTO `order_track` VALUES (30, '42', '13', '500000', '', '0', '', '2');
INSERT INTO `order_track` VALUES (31, '31', '14', '2000', '', '0', '', '2');
INSERT INTO `order_track` VALUES (32, '42', '15', '2500', '', '0', '', '2');
INSERT INTO `order_track` VALUES (33, '41', '15', '3500', '', '0', '', '2');
INSERT INTO `order_track` VALUES (37, '43', '16', '45632', '', '0', '', '2');
INSERT INTO `order_track` VALUES (39, '58', '17', '4500', '', '0', '', '2');
INSERT INTO `order_track` VALUES (40, '43', '18', '1000', '', '0', '', '2');
INSERT INTO `order_track` VALUES (41, '33', '18', '2000', '', '0', '', '2');
INSERT INTO `order_track` VALUES (42, '27', '19', '132', '', '0', '', '2');
INSERT INTO `order_track` VALUES (43, '27', '19', '211', '', '0', '', '2');
INSERT INTO `order_track` VALUES (44, '62', '19', '211', '', '0', '', '2');
INSERT INTO `order_track` VALUES (45, '27', '19', '134', '', '0', '', '2');
INSERT INTO `order_track` VALUES (46, '62', '19', '134', '', '0', '', '2');
INSERT INTO `order_track` VALUES (47, '27', '19', '110', '', '0', '', '2');
INSERT INTO `order_track` VALUES (48, '27', '19', '26', '', '0', '', '2');
INSERT INTO `order_track` VALUES (49, '27', '19', '132', '', '0', '', '2');
INSERT INTO `order_track` VALUES (50, '27', '19', '223', '', '0', '', '2');
INSERT INTO `order_track` VALUES (51, '62', '19', '223', '', '0', '', '2');
INSERT INTO `order_track` VALUES (52, '27', '19', '223', '', '0', '', '2');
INSERT INTO `order_track` VALUES (53, '62', '19', '223', '', '0', '', '2');
INSERT INTO `order_track` VALUES (54, '27', '19', '205', '', '0', '', '2');
INSERT INTO `order_track` VALUES (55, '27', '19', '33', '', '0', '', '2');
INSERT INTO `order_track` VALUES (56, '27', '19', '127', '', '0', '', '2');
INSERT INTO `order_track` VALUES (57, '27', '19', '35', '', '0', '', '2');
INSERT INTO `order_track` VALUES (58, '27', '19', '7', '', '0', '', '2');
INSERT INTO `order_track` VALUES (59, '62', '19', '7', '', '0', '', '2');
INSERT INTO `order_track` VALUES (60, '27', '19', '5', '', '0', '', '2');
INSERT INTO `order_track` VALUES (61, '62', '19', '5', '', '0', '', '2');
INSERT INTO `order_track` VALUES (62, '27', '19', '50', '', '0', '', '2');
INSERT INTO `order_track` VALUES (63, '27', '19', '20', '', '0', '', '2');
INSERT INTO `order_track` VALUES (64, '27', '19', '15', '', '0', '', '2');
INSERT INTO `order_track` VALUES (65, '27', '19', '15', '', '0', '', '2');
INSERT INTO `order_track` VALUES (66, '27', '19', '17', '', '0', '', '2');
INSERT INTO `order_track` VALUES (67, '27', '19', '10', '', '0', '', '2');
INSERT INTO `order_track` VALUES (68, '27', '19', '40', '', '0', '', '2');
INSERT INTO `order_track` VALUES (69, '62', '19', '40', '', '0', '', '2');
INSERT INTO `order_track` VALUES (70, '27', '19', '18', '', '0', '', '2');
INSERT INTO `order_track` VALUES (71, '62', '19', '18', '', '0', '', '2');
INSERT INTO `order_track` VALUES (72, '27', '19', '41', '', '0', '', '2');
INSERT INTO `order_track` VALUES (73, '63', '19', '41', '', '0', '', '2');
INSERT INTO `order_track` VALUES (74, '27', '19', '39', '', '0', '', '2');
INSERT INTO `order_track` VALUES (75, '63', '19', '39', '', '0', '', '2');
INSERT INTO `order_track` VALUES (109, '33', '25', '1000', '', NULL, NULL, '2');
INSERT INTO `order_track` VALUES (108, '51', '25', '500', '', NULL, NULL, '2');
INSERT INTO `order_track` VALUES (99, '55', '23', '5200', '', NULL, NULL, '2');
INSERT INTO `order_track` VALUES (81, '27', '21', NULL, NULL, NULL, NULL, '0');
INSERT INTO `order_track` VALUES (82, '55', '21', NULL, NULL, NULL, NULL, '0');
INSERT INTO `order_track` VALUES (85, '59', '21', NULL, NULL, NULL, NULL, '0');
INSERT INTO `order_track` VALUES (98, '27', '23', '5200', '', NULL, NULL, '2');
INSERT INTO `order_track` VALUES (104, '41', '24', '1000', '', NULL, NULL, '2');
INSERT INTO `order_track` VALUES (105, '41', '20', '1000', '', NULL, NULL, '2');
INSERT INTO `order_track` VALUES (90, '41', '22', '5200', '', NULL, NULL, '2');
INSERT INTO `order_track` VALUES (106, '89', '20', '700', '', NULL, NULL, '2');
INSERT INTO `order_track` VALUES (100, '47', '23', '5200', '', NULL, NULL, '2');
INSERT INTO `order_track` VALUES (101, '57', '23', '5200', '', NULL, NULL, '2');
INSERT INTO `order_track` VALUES (107, '94', '20', '600', '', NULL, NULL, '2');
INSERT INTO `order_track` VALUES (103, '31', '22', '3000', '', NULL, NULL, '2');
INSERT INTO `order_track` VALUES (110, '58', '26', '100000', '', NULL, NULL, '2');
INSERT INTO `order_track` VALUES (114, '58', '27', '50000', '', '0', '', '2');
INSERT INTO `order_track` VALUES (112, '41', '28', '10000', '', NULL, NULL, '2');
INSERT INTO `order_track` VALUES (113, '41', '27', '60000', '', '0', '', '2');
INSERT INTO `order_track` VALUES (115, '41', '29', '5000', '', NULL, NULL, '2');
INSERT INTO `order_track` VALUES (117, '27', '30', '1100', '', NULL, NULL, '2');
INSERT INTO `order_track` VALUES (127, '78', '32', '500', '', NULL, NULL, '2');
INSERT INTO `order_track` VALUES (119, '57', '30', '1100', '', NULL, NULL, '2');
INSERT INTO `order_track` VALUES (121, '76', '32', '500', '', NULL, NULL, '2');
INSERT INTO `order_track` VALUES (122, '74', '32', '500', '', NULL, NULL, '2');
INSERT INTO `order_track` VALUES (123, '43', '31', '1000', '', NULL, NULL, '2');
INSERT INTO `order_track` VALUES (124, '57', '31', '500', '', NULL, NULL, '2');
INSERT INTO `order_track` VALUES (126, '43', '33', '500', '', NULL, NULL, '2');
INSERT INTO `order_track` VALUES (128, '42', '32', '2500', '', NULL, NULL, '2');
INSERT INTO `order_track` VALUES (129, '58', '32', '1000', '', NULL, NULL, '2');
INSERT INTO `order_track` VALUES (130, '33', '32', '200', '', NULL, NULL, '2');
INSERT INTO `order_track` VALUES (133, '27', '34', '6077', '', NULL, NULL, '2');
INSERT INTO `order_track` VALUES (134, '55', '34', '6077', '', NULL, NULL, '2');
INSERT INTO `order_track` VALUES (135, '47', '34', '6077', '', NULL, NULL, '2');
INSERT INTO `order_track` VALUES (136, '27', '35', '1600', '', NULL, NULL, '2');
INSERT INTO `order_track` VALUES (138, '57', '35', '1596', '', NULL, NULL, '2');
INSERT INTO `order_track` VALUES (139, '48', '36', NULL, NULL, NULL, NULL, '0');
INSERT INTO `order_track` VALUES (141, '74', '38', NULL, NULL, NULL, NULL, '0');
INSERT INTO `order_track` VALUES (142, '27', '39', '804', '', NULL, NULL, '2');
INSERT INTO `order_track` VALUES (143, '55', '40', '1173', '', NULL, NULL, '2');
INSERT INTO `order_track` VALUES (144, '27', '40', '1185', '', NULL, NULL, '2');
INSERT INTO `order_track` VALUES (145, '47', '40', '1173', '', NULL, NULL, '2');
INSERT INTO `order_track` VALUES (146, '27', '41', '350', '', NULL, NULL, '2');
INSERT INTO `order_track` VALUES (147, '55', '41', '350', '', NULL, NULL, '2');
INSERT INTO `order_track` VALUES (149, '47', '41', '350', '', NULL, NULL, '2');
INSERT INTO `order_track` VALUES (150, '27', '38', NULL, NULL, NULL, NULL, '0');
INSERT INTO `order_track` VALUES (151, '43', '38', NULL, NULL, NULL, NULL, '0');
INSERT INTO `order_track` VALUES (152, '31', '38', NULL, NULL, NULL, NULL, '0');
INSERT INTO `order_track` VALUES (153, '57', '38', NULL, NULL, NULL, NULL, '0');
INSERT INTO `order_track` VALUES (154, '51', '42', '1150', '', NULL, NULL, '2');
INSERT INTO `order_track` VALUES (155, '51', '43', '1850', '', NULL, NULL, '2');
INSERT INTO `order_track` VALUES (157, '43', '45', NULL, NULL, NULL, NULL, '0');
INSERT INTO `order_track` VALUES (158, '31', '45', NULL, NULL, NULL, NULL, '0');
INSERT INTO `order_track` VALUES (159, '57', '45', NULL, NULL, NULL, NULL, '0');
INSERT INTO `order_track` VALUES (160, '50', '46', '2000', '', NULL, NULL, '2');
INSERT INTO `order_track` VALUES (161, '31', '46', '1000', '', NULL, NULL, '2');
INSERT INTO `order_track` VALUES (162, '27', '47', '3250', '', NULL, NULL, '2');
INSERT INTO `order_track` VALUES (163, '27', '48', '150', '', NULL, NULL, '2');
INSERT INTO `order_track` VALUES (164, '57', '49', '700', '', NULL, NULL, '2');
INSERT INTO `order_track` VALUES (165, '41', '49', '700', '', NULL, NULL, '2');
INSERT INTO `order_track` VALUES (166, '27', '50', '9000', '', NULL, NULL, '2');
INSERT INTO `order_track` VALUES (167, '27', '51', NULL, NULL, NULL, NULL, '0');
INSERT INTO `order_track` VALUES (168, '33', '32', NULL, NULL, NULL, NULL, '0');
INSERT INTO `order_track` VALUES (169, '51', '32', NULL, NULL, NULL, NULL, '0');
INSERT INTO `order_track` VALUES (170, '27', '52', '1551', '', NULL, NULL, '2');
INSERT INTO `order_track` VALUES (171, '80', '37', '10', '', NULL, NULL, '2');
INSERT INTO `order_track` VALUES (172, '88', '37', '10', '', NULL, NULL, '2');
INSERT INTO `order_track` VALUES (173, '41', '53', '12', '', NULL, NULL, '2');
INSERT INTO `order_track` VALUES (174, '42', '53', '99999999999', '', NULL, NULL, '2');
INSERT INTO `order_track` VALUES (176, '41', '55', '250', '', NULL, NULL, '2');
INSERT INTO `order_track` VALUES (177, '27', '55', '765', '', NULL, NULL, '2');
INSERT INTO `order_track` VALUES (178, '55', '55', '765', '', NULL, NULL, '2');
INSERT INTO `order_track` VALUES (179, '47', '55', '765', '', NULL, NULL, '2');
INSERT INTO `order_track` VALUES (180, '57', '55', '252', '', NULL, NULL, '2');
INSERT INTO `order_track` VALUES (181, '41', '56', '1000000', '', NULL, NULL, '2');
INSERT INTO `order_track` VALUES (182, '41', '54', '1400', '', NULL, NULL, '2');
INSERT INTO `order_track` VALUES (183, '57', '54', '1400', '', NULL, NULL, '2');
INSERT INTO `order_track` VALUES (184, '41', '57', '220', '', NULL, NULL, '2');
INSERT INTO `order_track` VALUES (185, '57', '57', '220', '', NULL, NULL, '2');
INSERT INTO `order_track` VALUES (186, '27', '58', '2000', '', NULL, NULL, '2');
INSERT INTO `order_track` VALUES (187, '27', '59', '7950', '', NULL, NULL, '2');
INSERT INTO `order_track` VALUES (191, '53', '61', '630', '', NULL, NULL, '2');
INSERT INTO `order_track` VALUES (190, '27', '61', '630', '', NULL, NULL, '2');
INSERT INTO `order_track` VALUES (192, '47', '60', NULL, NULL, NULL, NULL, '0');
INSERT INTO `order_track` VALUES (193, '55', '62', '900', '', NULL, NULL, '2');
INSERT INTO `order_track` VALUES (194, '47', '62', '900', '', NULL, NULL, '2');
INSERT INTO `order_track` VALUES (195, '27', '62', '900', '', NULL, NULL, '2');
INSERT INTO `order_track` VALUES (203, '57', '64', '1000', '', '0', '', '2');
INSERT INTO `order_track` VALUES (250, '106', '63', '2000', '', NULL, NULL, '2');
INSERT INTO `order_track` VALUES (202, '41', '64', '1000', '', '0', '', '2');
INSERT INTO `order_track` VALUES (249, '57', '63', '2000', '', NULL, NULL, '2');
INSERT INTO `order_track` VALUES (204, '41', '65', '5000', NULL, NULL, NULL, '1');
INSERT INTO `order_track` VALUES (205, '50', '32', NULL, NULL, NULL, NULL, '0');
INSERT INTO `order_track` VALUES (206, '107', '32', NULL, NULL, NULL, NULL, '0');
INSERT INTO `order_track` VALUES (207, '41', '66', '1050', '', NULL, NULL, '2');
INSERT INTO `order_track` VALUES (208, '43', '66', '425', '', NULL, NULL, '2');
INSERT INTO `order_track` VALUES (326, '57', '105', '1121', '', NULL, NULL, '2');
INSERT INTO `order_track` VALUES (211, '57', '66', '1640', '', NULL, NULL, '2');
INSERT INTO `order_track` VALUES (212, '27', '67', '147', '', NULL, NULL, '2');
INSERT INTO `order_track` VALUES (213, '55', '67', '147', '', NULL, NULL, '2');
INSERT INTO `order_track` VALUES (214, '47', '67', '147', '', NULL, NULL, '2');
INSERT INTO `order_track` VALUES (215, '41', '65', '1000', NULL, NULL, NULL, '1');
INSERT INTO `order_track` VALUES (216, '43', '68', '150', '', '0', '', '2');
INSERT INTO `order_track` VALUES (218, '49', '69', '450', '', NULL, NULL, '2');
INSERT INTO `order_track` VALUES (219, '41', '70', '1000', '', '0', '', '2');
INSERT INTO `order_track` VALUES (220, '57', '70', '1000', '', '0', '', '2');
INSERT INTO `order_track` VALUES (221, '41', '71', '2200', '', NULL, NULL, '2');
INSERT INTO `order_track` VALUES (230, '41', '75', '1000000', '', NULL, NULL, '2');
INSERT INTO `order_track` VALUES (229, '57', '74', '1905', '', NULL, NULL, '2');
INSERT INTO `order_track` VALUES (228, '41', '74', '2000', '', NULL, NULL, '2');
INSERT INTO `order_track` VALUES (226, '41', '73', '130', '', NULL, NULL, '2');
INSERT INTO `order_track` VALUES (227, '57', '73', '130', '', NULL, NULL, '2');
INSERT INTO `order_track` VALUES (231, '42', '76', '5000', '', NULL, NULL, '2');
INSERT INTO `order_track` VALUES (232, '43', '76', '6000', '', NULL, NULL, '2');
INSERT INTO `order_track` VALUES (233, '41', '77', '1', '', NULL, NULL, '2');
INSERT INTO `order_track` VALUES (234, '42', '78', '1', '', NULL, NULL, '2');
INSERT INTO `order_track` VALUES (235, '58', '79', '1', '', NULL, NULL, '2');
INSERT INTO `order_track` VALUES (236, '41', '80', '1', '', NULL, NULL, '2');
INSERT INTO `order_track` VALUES (237, '41', '81', '1', '', NULL, NULL, '2');
INSERT INTO `order_track` VALUES (238, '27', '82', '2300', '', NULL, NULL, '1');
INSERT INTO `order_track` VALUES (239, '31', '83', '1350', '', NULL, NULL, '2');
INSERT INTO `order_track` VALUES (240, '57', '83', '1350', '', NULL, NULL, '2');
INSERT INTO `order_track` VALUES (241, '31', '84', '476', '', NULL, NULL, '2');
INSERT INTO `order_track` VALUES (242, '49', '84', '685', '', NULL, NULL, '2');
INSERT INTO `order_track` VALUES (243, '41', '84', '2045', '', NULL, NULL, '2');
INSERT INTO `order_track` VALUES (244, '43', '84', '2125', '', NULL, NULL, '2');
INSERT INTO `order_track` VALUES (245, '57', '84', '5331', '', NULL, NULL, '2');
INSERT INTO `order_track` VALUES (246, '101', '84', '3216', '', NULL, NULL, '2');
INSERT INTO `order_track` VALUES (248, '48', '63', '2000', '', NULL, NULL, '2');
INSERT INTO `order_track` VALUES (251, '27', '85', '858', '', NULL, NULL, '2');
INSERT INTO `order_track` VALUES (274, '27', '92', '2224', '', NULL, NULL, '2');
INSERT INTO `order_track` VALUES (253, '31', '86', '16', '', NULL, NULL, '2');
INSERT INTO `order_track` VALUES (254, '41', '86', '28', '', NULL, NULL, '2');
INSERT INTO `order_track` VALUES (255, '43', '86', '8', '', NULL, NULL, '2');
INSERT INTO `order_track` VALUES (256, '49', '86', '14', '', NULL, NULL, '2');
INSERT INTO `order_track` VALUES (257, '57', '86', '66', '', NULL, NULL, '2');
INSERT INTO `order_track` VALUES (258, '101', '86', '28', '', NULL, NULL, '2');
INSERT INTO `order_track` VALUES (260, '47', '87', '12500', '', NULL, NULL, '2');
INSERT INTO `order_track` VALUES (263, '27', '87', '12500', '', NULL, NULL, '2');
INSERT INTO `order_track` VALUES (264, '114', '88', '12590', '', NULL, NULL, '2');
INSERT INTO `order_track` VALUES (273, '106', '85', '858', '', NULL, NULL, '2');
INSERT INTO `order_track` VALUES (268, '55', '89', '6000', '', NULL, NULL, '2');
INSERT INTO `order_track` VALUES (269, '47', '90', NULL, NULL, NULL, NULL, '0');
INSERT INTO `order_track` VALUES (272, '57', '85', '858', '', NULL, NULL, '2');
INSERT INTO `order_track` VALUES (275, '27', '93', '300', '', NULL, NULL, '2');
INSERT INTO `order_track` VALUES (276, '47', '93', '300', '', NULL, NULL, '2');
INSERT INTO `order_track` VALUES (277, '55', '93', '300', '', NULL, NULL, '2');
INSERT INTO `order_track` VALUES (278, '114', '93', '300', '', NULL, NULL, '2');
INSERT INTO `order_track` VALUES (279, '27', '94', '3915', '', NULL, NULL, '2');
INSERT INTO `order_track` VALUES (280, '58', '95', '630', '', NULL, NULL, '2');
INSERT INTO `order_track` VALUES (281, '27', '95', '1160', '', NULL, NULL, '2');
INSERT INTO `order_track` VALUES (283, '55', '95', '1160', '', NULL, NULL, '2');
INSERT INTO `order_track` VALUES (284, '57', '95', '1790', '', NULL, NULL, '2');
INSERT INTO `order_track` VALUES (290, '27', '96', '23000', NULL, NULL, NULL, '1');
INSERT INTO `order_track` VALUES (291, '47', '96', '23000', NULL, NULL, NULL, '1');
INSERT INTO `order_track` VALUES (292, '55', '96', '23000', NULL, NULL, NULL, '1');
INSERT INTO `order_track` VALUES (348, '57', '113', '320', '', NULL, NULL, '2');
INSERT INTO `order_track` VALUES (294, '58', '97', '860', '', NULL, NULL, '2');
INSERT INTO `order_track` VALUES (295, '57', '97', '860', '', NULL, NULL, '2');
INSERT INTO `order_track` VALUES (296, '55', '96', NULL, NULL, NULL, NULL, '0');
INSERT INTO `order_track` VALUES (297, '47', '96', NULL, NULL, NULL, NULL, '0');
INSERT INTO `order_track` VALUES (298, '27', '96', NULL, NULL, NULL, NULL, '0');
INSERT INTO `order_track` VALUES (299, '114', '96', NULL, NULL, NULL, NULL, '0');
INSERT INTO `order_track` VALUES (347, '51', '112', '320', '', NULL, NULL, '2');
INSERT INTO `order_track` VALUES (343, '47', '98', '6000', '', '0', '', '2');
INSERT INTO `order_track` VALUES (303, '27', '72', '1050', '', NULL, NULL, '2');
INSERT INTO `order_track` VALUES (304, '55', '72', '1050', '', NULL, NULL, '2');
INSERT INTO `order_track` VALUES (305, '47', '72', '1050', '', NULL, NULL, '2');
INSERT INTO `order_track` VALUES (306, '114', '72', '1050', '', NULL, NULL, '2');
INSERT INTO `order_track` VALUES (307, '27', '99', '350', '', NULL, NULL, '2');
INSERT INTO `order_track` VALUES (308, '41', '100', NULL, NULL, NULL, NULL, '0');
INSERT INTO `order_track` VALUES (345, '114', '98', '6220', '', '0', '', '2');
INSERT INTO `order_track` VALUES (346, '113', '98', '5400', '', '0', '', '2');
INSERT INTO `order_track` VALUES (344, '55', '98', '6000', '', '0', '', '2');
INSERT INTO `order_track` VALUES (312, '31', '101', '611', '', NULL, NULL, '2');
INSERT INTO `order_track` VALUES (313, '57', '101', '611', '', NULL, NULL, '2');
INSERT INTO `order_track` VALUES (314, '27', '102', '3300', '', NULL, NULL, '2');
INSERT INTO `order_track` VALUES (315, '55', '103', '1500', '', NULL, NULL, '2');
INSERT INTO `order_track` VALUES (318, '47', '103', '1500', '', NULL, NULL, '2');
INSERT INTO `order_track` VALUES (319, '27', '103', '1500', '', NULL, NULL, '2');
INSERT INTO `order_track` VALUES (321, '51', '66', '160', '', NULL, NULL, '2');
INSERT INTO `order_track` VALUES (324, '51', '104', '1121', '', NULL, NULL, '2');
INSERT INTO `order_track` VALUES (327, '27', '106', '200', '', NULL, NULL, '2');
INSERT INTO `order_track` VALUES (328, '55', '107', '1200', '', NULL, NULL, '2');
INSERT INTO `order_track` VALUES (329, '47', '107', '1200', '', NULL, NULL, '2');
INSERT INTO `order_track` VALUES (330, '114', '107', '1400', '', NULL, NULL, '2');
INSERT INTO `order_track` VALUES (446, '41', '108', '25555555', '', NULL, NULL, '2');
INSERT INTO `order_track` VALUES (332, '55', '109', '1400', '', NULL, NULL, '2');
INSERT INTO `order_track` VALUES (333, '114', '109', '1400', '', NULL, NULL, '2');
INSERT INTO `order_track` VALUES (334, '47', '109', '1400', '', NULL, NULL, '2');
INSERT INTO `order_track` VALUES (335, '27', '109', '1400', '', NULL, NULL, '2');
INSERT INTO `order_track` VALUES (336, '107', '110', '1', '', NULL, NULL, '2');
INSERT INTO `order_track` VALUES (337, '31', '111', '2600', '', NULL, NULL, '2');
INSERT INTO `order_track` VALUES (338, '43', '111', '1200', '', NULL, NULL, '2');
INSERT INTO `order_track` VALUES (339, '48', '111', '1000', '', NULL, NULL, '2');
INSERT INTO `order_track` VALUES (340, '106', '111', '2200', '', NULL, NULL, '2');
INSERT INTO `order_track` VALUES (341, '57', '111', '4800', '', NULL, NULL, '2');
INSERT INTO `order_track` VALUES (342, '27', '98', '6255', '', '0', '', '2');
INSERT INTO `order_track` VALUES (349, '27', '114', '500', NULL, NULL, NULL, '1');
INSERT INTO `order_track` VALUES (352, '27', '82', NULL, NULL, NULL, NULL, '0');
INSERT INTO `order_track` VALUES (353, '41', '115', '1', '', '0', 0x54484953204f524445522054455354204259204b5249454e47, '2');
INSERT INTO `order_track` VALUES (354, '49', '115', '100', '', '0', 0x54484953204f524445522054455354204259204b5249454e47, '2');
INSERT INTO `order_track` VALUES (355, '41', '116', '100', '', NULL, NULL, '2');
INSERT INTO `order_track` VALUES (356, '42', '116', '100', '', NULL, NULL, '2');
INSERT INTO `order_track` VALUES (360, '43', '117', '1', '', NULL, NULL, '2');
INSERT INTO `order_track` VALUES (359, '42', '117', '2', '', NULL, NULL, '2');
INSERT INTO `order_track` VALUES (365, '114', '120', '5750', '', NULL, NULL, '2');
INSERT INTO `order_track` VALUES (364, '57', '119', '198', '', NULL, NULL, '2');
INSERT INTO `order_track` VALUES (366, '47', '120', '5700', '', NULL, NULL, '2');
INSERT INTO `order_track` VALUES (367, '55', '120', '5700', '', NULL, NULL, '2');
INSERT INTO `order_track` VALUES (368, '27', '120', '5850', '', NULL, NULL, '2');
INSERT INTO `order_track` VALUES (369, '31', '119', '198', '', NULL, NULL, '2');
INSERT INTO `order_track` VALUES (370, '48', '121', '570', '', NULL, NULL, '2');
INSERT INTO `order_track` VALUES (371, '57', '121', '570', '', NULL, NULL, '2');
INSERT INTO `order_track` VALUES (372, '104', '121', '570', '', NULL, NULL, '2');
INSERT INTO `order_track` VALUES (373, '48', '122', '70', '', NULL, NULL, '2');
INSERT INTO `order_track` VALUES (374, '104', '122', '70', '', NULL, NULL, '2');
INSERT INTO `order_track` VALUES (375, '57', '122', '70', '', NULL, NULL, '2');
INSERT INTO `order_track` VALUES (376, '113', '123', '5500', '', NULL, NULL, '2');
INSERT INTO `order_track` VALUES (380, '55', '125', '350', '', NULL, NULL, '2');
INSERT INTO `order_track` VALUES (379, '27', '125', '350', '', NULL, NULL, '2');
INSERT INTO `order_track` VALUES (381, '47', '125', '350', '', NULL, NULL, '2');
INSERT INTO `order_track` VALUES (382, '114', '125', '350', '', NULL, NULL, '2');
INSERT INTO `order_track` VALUES (383, '53', '124', '1100', '', NULL, NULL, '2');
INSERT INTO `order_track` VALUES (384, '55', '126', '1000', '', NULL, NULL, '2');
INSERT INTO `order_track` VALUES (385, '114', '126', '400', '', NULL, NULL, '2');
INSERT INTO `order_track` VALUES (386, '27', '126', '400', '', NULL, NULL, '2');
INSERT INTO `order_track` VALUES (387, '47', '126', '400', '', NULL, NULL, '2');
INSERT INTO `order_track` VALUES (388, '113', '127', '2000', '', NULL, NULL, '2');
INSERT INTO `order_track` VALUES (389, '27', '127', '6500', '', NULL, NULL, '2');
INSERT INTO `order_track` VALUES (390, '55', '127', '6500', '', NULL, NULL, '2');
INSERT INTO `order_track` VALUES (391, '114', '127', '6500', '', NULL, NULL, '2');
INSERT INTO `order_track` VALUES (392, '47', '127', '6500', '', NULL, NULL, '2');
INSERT INTO `order_track` VALUES (393, '27', '128', '5000', NULL, NULL, NULL, '1');
INSERT INTO `order_track` VALUES (394, '55', '128', '2500', NULL, NULL, NULL, '1');
INSERT INTO `order_track` VALUES (395, '47', '128', '2500', NULL, NULL, NULL, '1');
INSERT INTO `order_track` VALUES (396, '57', '128', '2500', NULL, NULL, NULL, '1');
INSERT INTO `order_track` VALUES (397, '114', '128', '2500', NULL, NULL, NULL, '1');
INSERT INTO `order_track` VALUES (398, '43', '129', '2100', '', NULL, NULL, '2');
INSERT INTO `order_track` VALUES (399, '31', '129', '620', '', NULL, NULL, '2');
INSERT INTO `order_track` VALUES (400, '57', '129', '2695', '', NULL, NULL, '2');
INSERT INTO `order_track` VALUES (401, '114', '130', '1000', '', NULL, NULL, '2');
INSERT INTO `order_track` VALUES (402, '47', '130', '1000', '', NULL, NULL, '2');
INSERT INTO `order_track` VALUES (403, '27', '130', '1000', '', NULL, NULL, '2');
INSERT INTO `order_track` VALUES (404, '55', '131', '950', '', NULL, NULL, '2');
INSERT INTO `order_track` VALUES (405, '47', '131', '950', '', NULL, NULL, '2');
INSERT INTO `order_track` VALUES (406, '114', '131', '950', '', NULL, NULL, '2');
INSERT INTO `order_track` VALUES (407, '27', '131', '950', '', NULL, NULL, '2');
INSERT INTO `order_track` VALUES (408, '113', '131', '900', '', NULL, NULL, '2');
INSERT INTO `order_track` VALUES (409, '27', '132', '630', '', NULL, NULL, '2');
INSERT INTO `order_track` VALUES (410, '27', '133', '592', '', NULL, NULL, '2');
INSERT INTO `order_track` VALUES (411, '55', '133', '98', '', NULL, NULL, '2');
INSERT INTO `order_track` VALUES (412, '47', '133', '98', '', NULL, NULL, '2');
INSERT INTO `order_track` VALUES (413, '114', '133', '98', '', NULL, NULL, '2');
INSERT INTO `order_track` VALUES (414, '27', '134', '1590', '', NULL, NULL, '2');
INSERT INTO `order_track` VALUES (415, '27', '135', '1290', '', NULL, NULL, '2');
INSERT INTO `order_track` VALUES (416, '27', '136', '632', '', NULL, NULL, '2');
INSERT INTO `order_track` VALUES (417, '27', '137', '140', '', NULL, NULL, '2');
INSERT INTO `order_track` VALUES (418, '55', '137', '140', '', NULL, NULL, '2');
INSERT INTO `order_track` VALUES (419, '47', '137', '140', '', NULL, NULL, '2');
INSERT INTO `order_track` VALUES (420, '114', '137', '140', '', NULL, NULL, '2');
INSERT INTO `order_track` VALUES (421, '27', '138', '1090', '', NULL, NULL, '2');
INSERT INTO `order_track` VALUES (422, '55', '139', NULL, NULL, NULL, NULL, '0');
INSERT INTO `order_track` VALUES (423, '47', '139', NULL, NULL, NULL, NULL, '0');
INSERT INTO `order_track` VALUES (424, '43', '140', '1400', '', NULL, NULL, '2');
INSERT INTO `order_track` VALUES (425, '31', '140', '750', '', NULL, NULL, '2');
INSERT INTO `order_track` VALUES (426, '48', '140', '1200', '', NULL, NULL, '2');
INSERT INTO `order_track` VALUES (427, '49', '140', '1600', '', NULL, NULL, '2');
INSERT INTO `order_track` VALUES (428, '51', '140', '250', '', NULL, NULL, '2');
INSERT INTO `order_track` VALUES (429, '57', '140', '5200', '', NULL, NULL, '2');
INSERT INTO `order_track` VALUES (430, '80', '140', '1000', '', NULL, NULL, '2');
INSERT INTO `order_track` VALUES (431, '85', '140', '250', '', NULL, NULL, '2');
INSERT INTO `order_track` VALUES (432, '101', '140', '700', '', NULL, NULL, '2');
INSERT INTO `order_track` VALUES (433, '97', '140', '570', '', NULL, NULL, '2');
INSERT INTO `order_track` VALUES (434, '51', '118', '1000', NULL, NULL, NULL, '1');
INSERT INTO `order_track` VALUES (435, '51', '141', '160', '', NULL, NULL, '2');
INSERT INTO `order_track` VALUES (436, '104', '141', '350', '', NULL, NULL, '2');
INSERT INTO `order_track` VALUES (437, '57', '141', '160', '', NULL, NULL, '2');
INSERT INTO `order_track` VALUES (438, '85', '141', '160', '', NULL, NULL, '2');
INSERT INTO `order_track` VALUES (439, '58', '142', '420', NULL, NULL, NULL, '1');
INSERT INTO `order_track` VALUES (440, '55', '142', '420', NULL, NULL, NULL, '1');
INSERT INTO `order_track` VALUES (441, '47', '142', '420', NULL, NULL, NULL, '1');
INSERT INTO `order_track` VALUES (442, '57', '142', '420', NULL, NULL, NULL, '1');
INSERT INTO `order_track` VALUES (443, '114', '142', '420', NULL, NULL, NULL, '1');
INSERT INTO `order_track` VALUES (444, '53', '143', '250', '', NULL, NULL, '2');
INSERT INTO `order_track` VALUES (447, '42', '108', '100000000', '', NULL, NULL, '2');
INSERT INTO `order_track` VALUES (448, '27', '144', '3050', '', NULL, NULL, '2');
INSERT INTO `order_track` VALUES (449, '55', '145', '4000', '', '1', '', '2');
INSERT INTO `order_track` VALUES (450, '114', '146', '375', '', NULL, NULL, '2');
INSERT INTO `order_track` VALUES (451, '114', '147', '550', '', NULL, NULL, '2');
INSERT INTO `order_track` VALUES (452, '114', '148', '1900', '', NULL, NULL, '2');
INSERT INTO `order_track` VALUES (453, '114', '149', '575', '', NULL, NULL, '2');
INSERT INTO `order_track` VALUES (454, '47', '150', '3500', '', NULL, NULL, '2');
INSERT INTO `order_track` VALUES (455, '113', '151', '3500', '', NULL, NULL, '2');
INSERT INTO `order_track` VALUES (456, '58', '152', NULL, NULL, NULL, NULL, '0');
INSERT INTO `order_track` VALUES (457, '55', '153', '12500', '', NULL, NULL, '2');
INSERT INTO `order_track` VALUES (458, '47', '153', '12500', '', NULL, NULL, '2');
INSERT INTO `order_track` VALUES (459, '114', '153', '12610', '', NULL, NULL, '2');
INSERT INTO `order_track` VALUES (460, '27', '153', '12610', '', NULL, NULL, '2');
INSERT INTO `order_track` VALUES (461, '55', '154', '2000', '', NULL, NULL, '2');
INSERT INTO `order_track` VALUES (462, '47', '154', '2000', '', NULL, NULL, '2');
INSERT INTO `order_track` VALUES (463, '114', '154', '2020', '', NULL, NULL, '2');
INSERT INTO `order_track` VALUES (464, '27', '154', '2020', '', NULL, NULL, '2');
INSERT INTO `order_track` VALUES (465, '58', '155', NULL, NULL, NULL, NULL, '0');
INSERT INTO `order_track` VALUES (466, '55', '155', NULL, NULL, NULL, NULL, '0');
INSERT INTO `order_track` VALUES (467, '47', '155', NULL, NULL, NULL, NULL, '0');
INSERT INTO `order_track` VALUES (468, '57', '155', NULL, NULL, NULL, NULL, '0');
INSERT INTO `order_track` VALUES (469, '114', '155', NULL, NULL, NULL, NULL, '0');

# --------------------------------------------------------

#
# โครงสร้างตาราง `order_track1`
#

DROP TABLE IF EXISTS `order_track1`;
CREATE TABLE `order_track1` (
  `order_track_id` int(11) NOT NULL auto_increment,
  `label_id` decimal(10,0) default NULL,
  `purchase_id` decimal(10,0) default NULL,
  `amount` decimal(10,0) default NULL,
  `gament_id` varchar(10) default NULL,
  `order_track_status` decimal(10,0) default NULL,
  `status_note` blob,
  `status` decimal(10,0) default NULL,
  PRIMARY KEY  (`order_track_id`)
) TYPE=MyISAM AUTO_INCREMENT=1 ;

#
# dump ตาราง `order_track1`
#


# --------------------------------------------------------

#
# โครงสร้างตาราง `purchase`
#

DROP TABLE IF EXISTS `purchase`;
CREATE TABLE `purchase` (
  `purchase_id` int(11) NOT NULL auto_increment,
  `create_by` decimal(10,0) default NULL,
  `create_date` datetime default NULL,
  `purchase_status` decimal(10,0) default NULL,
  `status_note` varchar(100) default NULL,
  `purchase_code` varchar(9) default NULL,
  `mor_ran` decimal(10,0) default NULL,
  `pack` decimal(10,0) default NULL,
  `brochure` decimal(10,0) default NULL,
  `xmessage` blob,
  `sendtome` decimal(10,0) default NULL,
  `sendtocc` decimal(10,0) default NULL,
  `ccemail` varchar(200) default NULL,
  `invoice` decimal(10,0) default NULL,
  `invoice_num` varchar(10) default NULL,
  `pack_list` decimal(10,0) default NULL,
  `pack_list_num` varchar(10) default NULL,
  `cert_origin` decimal(10,0) default NULL,
  `cert_origin_num` varchar(10) default NULL,
  `credit` decimal(10,0) default NULL,
  `credit_card` varchar(20) default NULL,
  `credit_exp_date` varchar(7) default NULL,
  `total_credit_price_charge` varchar(15) default NULL,
  `vat_total` varchar(15) default NULL,
  `totals` varchar(15) default NULL,
  `xstatus` decimal(10,0) default NULL,
  `vat_charge` varchar(15) default NULL,
  PRIMARY KEY  (`purchase_id`)
) TYPE=MyISAM AUTO_INCREMENT=156 ;

#
# dump ตาราง `purchase`
#

INSERT INTO `purchase` VALUES (1, '2', '2003-11-25 18:12:52', '4', '', '000001', '1946000', '0', '0', '', '0', '0', '', '0', '0', '0', '0', '0', '0', '2', NULL, NULL, NULL, NULL, '852', '2', NULL);
INSERT INTO `purchase` VALUES (2, '2', '2003-11-25 18:16:30', '4', '', '000002', '4234949', '0', '0', '', '1', '0', '', '0', '0', '0', '0', '0', '0', '2', NULL, NULL, NULL, NULL, '37375', '2', NULL);
INSERT INTO `purchase` VALUES (3, '2', '2003-11-25 19:46:55', '4', '', '000003', '4236073', '0', '0', '', '0', '0', '', '0', '0', '0', '0', '0', '0', '1', NULL, NULL, NULL, NULL, '0.0225', '2', NULL);
INSERT INTO `purchase` VALUES (4, '2', '2003-11-26 09:16:34', '4', '', '000004', '3072529', '0', '0', '', '0', '0', '', '0', '0', '0', '0', '0', '0', '2', '3214432143214312333', '01/2003', '7,971.90', NULL, '195', '2', '239.70');
INSERT INTO `purchase` VALUES (5, '1', '2003-11-26 09:44:17', '4', '', '000005', '9227343', '0', '0', 0x7474747474747474747474657374206279206b2e6e6f6f6d, '1', '1', 'krieng@computerlabelworldwide.com', '0', '0', '0', '0', '0', '0', '1', '2456456768798779879', '04/2004', '2,657.40', NULL, '216666.6645', '2', '79.90');
INSERT INTO `purchase` VALUES (6, '2', '2003-11-26 11:30:43', '4', '', '000006', '6804469', '0', '0', '', '1', '0', '', '1', '2', '0', '0', '0', '0', '1', '5435434534533434345', '05/2003', '44,644.36', NULL, '43,302.00', '2', '1,342.36');
INSERT INTO `purchase` VALUES (7, '2', '2003-11-26 11:37:57', '4', '53,094', '000007', '4488467', '0', '0', '', '0', '0', '', '0', '0', '0', '0', '0', '0', '2', NULL, NULL, NULL, NULL, '53094', '2', NULL);
INSERT INTO `purchase` VALUES (8, '2', '2003-11-26 12:37:24', '4', '', '000008', '6791076', '0', '0', '', '0', '0', '', '0', '0', '0', '0', '0', '0', '1', '2222222222222222222', '01/2003', '66.43', NULL, '64.44', '2', '2.00');
INSERT INTO `purchase` VALUES (9, '2', '2003-11-26 12:47:44', '4', '', '000009', '959128', '0', '0', '', '1', '0', '', '0', '0', '0', '0', '0', '0', '2', NULL, NULL, NULL, NULL, '3250801480.22', '2', NULL);
INSERT INTO `purchase` VALUES (10, '51', '2003-11-27 23:09:02', '0', NULL, '000010', '7050377', '0', '0', 0x506c7320636f6e6669726d207468617420746865204531312077696c6c206265207072696e74656420617320706572204d6f7267616e2773207265666572656e6365732c206974206d65616e7320746865207269676874207175616e7469617469657320666f7220616e79207374796c652061732070657220746865204d6f7267616e206f7264657220757320616e642072656c617469766520626172636f6465, '1', '0', '', '1', '1', '1', '1', '0', '0', '2', NULL, NULL, NULL, NULL, '102.08', '2', NULL);
INSERT INTO `purchase` VALUES (11, '51', '2003-12-03 23:00:16', '0', NULL, '000011', '6152389', '0', '0', '', '0', '0', '', '1', '1', '1', '1', '0', '0', '2', NULL, NULL, NULL, NULL, '78.36', '2', NULL);
INSERT INTO `purchase` VALUES (12, '31', '2003-12-08 21:07:26', '0', NULL, '000012', '1523578', '0', '0', '', '1', '0', '', '1', '1', '1', '2', '0', '0', '2', NULL, NULL, NULL, NULL, '128.7225', '2', NULL);
INSERT INTO `purchase` VALUES (13, '4', '2003-12-09 21:03:54', '4', '', '000013', '7545071', '0', '0', '', '1', '0', '', '0', '0', '0', '0', '0', '0', '2', NULL, NULL, NULL, NULL, '65723.7', '2', NULL);
INSERT INTO `purchase` VALUES (14, '4', '2003-12-09 21:06:15', '4', '', '000014', '9504352', '1', '1', 0x74657374, '0', '0', '', '1', '2', '0', '0', '0', '0', '2', NULL, NULL, NULL, NULL, '148.46', '2', NULL);
INSERT INTO `purchase` VALUES (15, '2', '2003-12-09 23:55:57', '4', '', '000015', '3778951', '0', '0', '', '0', '1', 'pathompong@intellinet.co.th', '1', '2', '0', '0', '0', '0', '2', NULL, NULL, NULL, NULL, '773.22', '2', NULL);
INSERT INTO `purchase` VALUES (16, '2', '2003-12-11 10:42:23', '4', '', '000016', '1318440', '0', '0', '', '1', '1', 'pathompong@intellinet.co.th', '1', '2', '0', '0', '0', '0', '2', NULL, NULL, NULL, NULL, '5035.08188', '2', NULL);
INSERT INTO `purchase` VALUES (17, '2', '2003-12-11 11:33:35', '4', '', '000017', '6662545', '0', '0', 0x74657374696e672062792070616e696461, '0', '0', '', '1', '2', '0', '0', '0', '0', '1', '1232456478921234242', '10/2004', '932.41', NULL, '904.38', '2', '28.04');
INSERT INTO `purchase` VALUES (18, '1', '2003-12-11 17:11:17', '4', '', '000018', '1434202', '0', '0', '', '1', '1', 'krisdavut@intellinet.co.th', '1', '1', '1', '2', '1', 'r', '2', NULL, NULL, NULL, NULL, '969.1', '2', NULL);
INSERT INTO `purchase` VALUES (19, '18', '2003-12-11 20:26:23', '0', '', '000019', '4210085', '0', '0', 0x506c65617365207368697020746f206f7572206164647265737320696e20486f6c6c616e642e3c62723e3c62723e5468652068616e67746167732045352073686f756c64206265207769746820626172636f6465207072696e74206f6e20746865206261636b736964652e2049276d2073656e64696e6720616e20652d6d61696c207769746820616c6c2074686520626172636f6465732e3c62723e3c62723e416c6c20746865206d6574616c2061636365736f72696573204d3320616e64204d312073686f756c6420626520696e206272696768742073696c7665722e3c62723e3c62723e4265737420726567617264732c3c62723e41756b65204665726265656b3c62723e436172746f756368652046617368696f6e, '0', '0', '', '1', '', '1', '', '0', '0', '2', NULL, NULL, NULL, NULL, '163.80789', '2', NULL);
INSERT INTO `purchase` VALUES (20, '6', '2003-12-12 10:13:05', '0', NULL, '000020', '5345366', '1', '1', 0x54455354494e47, '1', '1', 'cherry@computerlabelworldwide.com', '1', '', '1', '', '1', '', '1', '1233447747577577575', '09/2004', '330.79', NULL, '320.84', '2', '9.95');
INSERT INTO `purchase` VALUES (21, '86', '2003-12-16 21:08:16', '0', NULL, '000021', '4317304', NULL, NULL, NULL, NULL, NULL, NULL, NULL, NULL, NULL, NULL, NULL, NULL, NULL, NULL, NULL, NULL, NULL, NULL, '0', NULL);
INSERT INTO `purchase` VALUES (22, '2', '2003-12-17 10:41:28', '0', NULL, '000022', '4676628', '0', '1', 0x546869732069732074657374696e67, '1', '1', 'cherry@computerlabelworldwide.com', '1', '2', '0', '0', '0', '0', '1', '5446564556546546564', '06/2004', '920.49', NULL, '892.81', '2', '27.68');
INSERT INTO `purchase` VALUES (23, '40', '2003-12-23 15:47:31', '0', NULL, '000023', '7134560', '0', '0', 0x506c6561736520636f6e6669726d20746865206f7264657220617420796f7572206561726c6965737420616e6420616476697365207468652074656e7461746976652064656c697665727920646174652e203c62723e3c62723e53696e6365207468652076616c7565206f6620746865206f72646572206973206d6f7265207468616e206575726f203235302e30302c2074686520636f757269657220636861726765732077696c6c20626520626f726e6520627920796f752e3c62723e3c62723e526567617264732c3c62723e532e432e4e414750414c, '1', '1', 'fancyfashions@vsnl.com', '0', '0', '0', '0', '0', '0', '2', NULL, NULL, NULL, NULL, '445.016', '2', NULL);
INSERT INTO `purchase` VALUES (24, '84', '2004-01-06 09:42:32', '0', NULL, '000024', '9882315', '1', '1', '', '0', '0', '', '1', '', '1', '', '1', '', '1', NULL, NULL, NULL, NULL, '128.87', '0', NULL);
INSERT INTO `purchase` VALUES (25, '6', '2004-01-08 15:25:25', '0', NULL, '000025', '2076323', '1', '0', '', '0', '1', 'panida@computerlabelworldwide.com', '1', '', '1', '', '0', '0', '1', '1222111112211212121', '07/2004', '496.91', NULL, '481.97', '2', '14.94');
INSERT INTO `purchase` VALUES (26, '2', '2004-01-08 15:33:36', '0', NULL, '000026', '6648398', '0', '1', '', '0', '0', '', '1', '2', '0', '0', '0', '0', '1', '3453354353455353354', '11/2004', '15,413.45', NULL, '14,950.00', '2', '463.45');
INSERT INTO `purchase` VALUES (27, '2', '2004-01-09 14:53:47', '4', '', '000027', '7519190', '0', '0', 0x74657374696e67, '0', '1', '', '0', '0', '0', '0', '0', '0', '1', '5785567867866786678', '04/2004', '15,678.62', NULL, '15,207.20', '2', '471.42');
INSERT INTO `purchase` VALUES (28, '1', '2004-01-12 14:42:06', '0', NULL, '000028', '3622946', '1', '0', 0x67667364676467667364686466686864666868, '0', '0', '', '1', '1', '0', '0', '0', '0', '1', NULL, NULL, NULL, NULL, '1288.7', '0', NULL);
INSERT INTO `purchase` VALUES (29, '2', '2004-01-15 11:19:38', '0', NULL, '000029', '179261', '0', '0', '', '0', '0', '', '0', '0', '0', '0', '0', '0', '2', NULL, NULL, NULL, NULL, '644.35', '2', NULL);
INSERT INTO `purchase` VALUES (30, '37', '2004-01-22 20:53:33', '0', NULL, '000030', '8541832', '0', '0', '', '0', '0', '', '1', '1', '1', '1', '0', '0', '2', NULL, NULL, NULL, NULL, '51.04', '2', NULL);
INSERT INTO `purchase` VALUES (31, '80', '2004-01-23 22:15:29', '0', NULL, '000031', '4676594', '0', '0', 0x4469726563742064656c697665727920746f206f757220666163746f727920696e20494e4449412c2044656c6869202d206164647265737320617320666f6c6c6f77733c62723e464c59204259204e494748543c62723e4841524249522053494e4748205941444156204e495741533c62723e56494c4c4147452053414944554c414a41423c62723e504f204d45485241554c493c62723e4e45572044454c4849203131303033303c62723e464143544f52592054454c2030303931313132363836353537363c62723e434f4e54414354202d20535544454550, '0', '1', 'aled@wwgltd.co.uk', '1', '1', '1', '1', '1', '1', '1', NULL, NULL, NULL, NULL, '111.35', '0', NULL);
INSERT INTO `purchase` VALUES (32, '6', '2004-01-27 11:38:42', '0', NULL, '000032', '8830410', '0', '0', '', '0', '0', '', '0', '0', '0', '0', '0', '0', '1', NULL, NULL, NULL, NULL, '889.745', '0', NULL);
INSERT INTO `purchase` VALUES (33, '25', '2004-02-02 20:40:54', '0', NULL, '000033', '4705298', '0', '0', 0x504c454153452050555420494e2054484520494e564f4943452054484520414d4f554e54204f4620544845205452414e53504f525420434f53542c4245434155534520574520484156454e275420414e204143434f554e54204e554d424552205749544820414e59205452414e53504f52544552, '1', '1', 'info@artmetal.it', '1', '2', '1', '1', '0', '0', '2', NULL, NULL, NULL, NULL, '51.55', '2', NULL);
INSERT INTO `purchase` VALUES (34, '97', '2004-02-03 16:14:07', '0', NULL, '000034', '1563679', '0', '0', '', '0', '0', '', '1', '', '1', '', '0', '0', '2', NULL, NULL, NULL, NULL, '419.79916', '2', NULL);
INSERT INTO `purchase` VALUES (35, '31', '2004-02-16 16:59:11', '0', NULL, '000035', '9543243', '0', '0', '', '1', '1', 'monique@delcourt.nl', '1', '2', '1', '2', '0', '0', '2', NULL, NULL, NULL, NULL, '74.174', '2', NULL);
INSERT INTO `purchase` VALUES (36, '25', '2004-02-23 23:41:59', '0', NULL, '000036', '9025726', NULL, NULL, NULL, NULL, NULL, NULL, NULL, NULL, NULL, NULL, NULL, NULL, NULL, NULL, NULL, NULL, NULL, NULL, '0', NULL);
INSERT INTO `purchase` VALUES (37, '103', '2004-02-27 16:22:14', '0', NULL, '000037', '4885190', '0', '0', '', '0', '0', '', '0', '0', '0', '0', '0', '0', '2', NULL, NULL, NULL, NULL, '3.423', '2', NULL);
INSERT INTO `purchase` VALUES (38, '106', '2004-03-01 18:58:56', '0', NULL, '000038', '2988266', NULL, NULL, NULL, NULL, NULL, NULL, NULL, NULL, NULL, NULL, NULL, NULL, NULL, NULL, NULL, NULL, NULL, NULL, '0', NULL);
INSERT INTO `purchase` VALUES (39, '18', '2004-03-01 20:02:37', '0', NULL, '000039', '6976247', '0', '0', 0x506c65617365206e6f74652074686174207468652068616e67746167732073686f756c64206265207072696e7465642e204920616d2073656e64696e67207769746820652d6d61696c207468652066696c657320666f72207072696e74696e6720746f204e756e69213c62723e3c62723e506c6561736520636f6e6669726d206469726563746c7920796f7572207665727920626573742064656c69766572792074696d652e205765206e65656420746f2072656365697665207468652068616e6774616773206e6f74206c61746572207468656e207468652032347468206f66204d61726368213c62723e3c62723e506c656173652073656e6420776974682044484c20746869732074696d6520696e7374656164206f6620555053212121, '1', '0', '', '1', '', '1', '', '0', '0', '2', NULL, NULL, NULL, NULL, '24.0396', '2', NULL);
INSERT INTO `purchase` VALUES (40, '97', '2004-03-02 14:07:24', '0', NULL, '000040', '7688722', '0', '0', '', '0', '0', '', '1', '', '1', '', '0', '0', '2', NULL, NULL, NULL, NULL, '81.38964', '2', NULL);
INSERT INTO `purchase` VALUES (41, '59', '2004-03-03 17:49:56', '0', NULL, '000041', '9323195', '0', '1', 0x506c65617365206e6f7465207468617420776520616c736f206e65656420746865204d4f5247414e20426172636f64657320617420746865206261636b736964653c62723e6f66207468652045352068616e677461672e3c62723e4f72646572206e6f2e204d6f7267616e206973203630303133343c62723e4954454d3a2045342d4d50415245204a41554e4520202054553c62723e466f756c61726473202b202045636861727065733c62723e50463c62723e333032302e343137393c62723e426172636f64653a203320323533363336203431323833, '1', '1', 'baars@mpd-acc.nl', '0', '0', '1', '', '0', '0', '2', NULL, NULL, NULL, NULL, '24.178', '2', NULL);
INSERT INTO `purchase` VALUES (42, '40', '2004-03-12 13:13:37', '0', NULL, '000042', '8596541', '0', '0', '', '0', '0', '', '1', '', '0', '0', '0', '0', '2', NULL, NULL, NULL, NULL, '112.631', '2', NULL);
INSERT INTO `purchase` VALUES (43, '40', '2004-03-12 18:23:28', '0', NULL, '000043', '6471077', '0', '0', '', '0', '0', '', '1', '', '0', '0', '0', '0', '2', NULL, NULL, NULL, NULL, '181.189', '2', NULL);
INSERT INTO `purchase` VALUES (44, '48', '2004-03-13 14:37:42', '0', NULL, '000044', '4864500', NULL, NULL, NULL, NULL, NULL, NULL, NULL, NULL, NULL, NULL, NULL, NULL, NULL, NULL, NULL, NULL, NULL, NULL, '0', NULL);
INSERT INTO `purchase` VALUES (45, '93', '2004-03-16 15:03:36', '0', NULL, '000045', '8022870', NULL, NULL, NULL, NULL, NULL, NULL, NULL, NULL, NULL, NULL, NULL, NULL, NULL, NULL, NULL, NULL, NULL, NULL, '0', NULL);
INSERT INTO `purchase` VALUES (46, '111', '2004-04-02 14:53:36', '0', NULL, '000046', '3455645', '0', '1', '', '0', '0', '', '1', '2', '0', '0', '0', '0', '1', NULL, NULL, NULL, NULL, '270.11', '0', NULL);
INSERT INTO `purchase` VALUES (47, '114', '2004-04-16 15:37:53', '0', NULL, '000047', '7548225', '0', '0', '', '0', '0', '', '1', '2', '1', '1', '0', '0', '2', NULL, NULL, NULL, NULL, '97.175', '2', NULL);
INSERT INTO `purchase` VALUES (48, '114', '2004-04-19 19:14:45', '0', NULL, '000048', '9198539', '0', '0', 0x426172636f646520696e666f3c62723e48342d42454c545241533c62723e54313c62723e454352553c62723e6365696e747572653c62723e50463c62723e333032302e343137393c62723e424152434f44453a2033203235333633362020343738313838, '0', '0', '', '1', '2', '1', '2', '0', '0', '2', NULL, NULL, NULL, NULL, '4.485', '2', NULL);
INSERT INTO `purchase` VALUES (49, '113', '2004-04-20 14:30:05', '0', NULL, '000049', '6333408', NULL, NULL, NULL, NULL, NULL, NULL, NULL, NULL, NULL, NULL, NULL, NULL, NULL, NULL, NULL, NULL, NULL, NULL, '0', NULL);
INSERT INTO `purchase` VALUES (50, '117', '2004-04-20 16:33:38', '0', NULL, '000050', '5584392', '0', '0', '', '0', '0', '', '0', '0', '0', '0', '0', '0', '2', NULL, NULL, NULL, NULL, '269.1', '2', NULL);
INSERT INTO `purchase` VALUES (51, '82', '2004-04-21 17:02:06', '0', NULL, '000051', '9894603', NULL, NULL, NULL, NULL, NULL, NULL, NULL, NULL, NULL, NULL, NULL, NULL, NULL, NULL, NULL, NULL, NULL, NULL, '0', NULL);
INSERT INTO `purchase` VALUES (52, '18', '2004-05-11 21:45:33', '0', NULL, '000052', '5873263', '0', '0', 0x506c65617365206e6f74653a3c62723e54686520627265616b2d646f776e20492077696c6c207061737320627920652d6d61696c20746f204e756e692e203c62723e3c62723e54686520696e666f726d6174696f6e20666f7220626172636f64652d7072696e74696e6720492077696c6c2073656e6420696e207468652073616d6520652d6d61696c, '0', '0', '', '1', '1', '1', '1', '0', '0', '2', NULL, NULL, NULL, NULL, '46.3749', '2', NULL);
INSERT INTO `purchase` VALUES (53, '3', '2004-06-09 21:38:20', '0', NULL, '000053', '5465172', '0', '0', '', '0', '0', '', '0', '0', '0', '0', '0', '0', '1', '1111111111111111111', '01/2004', '13,286,497,001.', NULL, '12,887,000,001.', '2', '399,497,000.04');
INSERT INTO `purchase` VALUES (54, '129', '2004-06-21 21:27:00', '0', NULL, '000054', '5866371', '0', '0', '', '0', '0', '', '1', '1', '1', '0', '1', '1', '2', NULL, NULL, NULL, NULL, '203.518', '2', NULL);
INSERT INTO `purchase` VALUES (55, '112', '2004-06-22 15:45:27', '0', NULL, '000055', '1236488', '0', '0', 0x426f6e6a6f75722c3c62723e206e6f757320736f6d6d657320666f75726e69737365757273206465206c61206d6169736f6e204d6f7267616e2c206a65206e276169207061732074726f7576e9206c612072e966e972656e6365204531322c20636520736f6e742064657320636f6e74657874757265732e204a6520646f697320656e20636f6d6d616e64657220373635207069266567726176653b6365732e20506f7576657a2d766f7573206d65206469726520636f6d6d656e74206a6520646f6973206661697265203f3c62723e3c62723e4d657263692062656175636f75702e3c62723e3c62723e4d617269652d4c617572653c62723e3c62723e4d415243593c62723e38372c2072756520506173746575723c62723e36303332302042455448495359205341494e54205049455252453c62723e4652414e43453c62723e54202f202b33332033343420333937203237303c62723e462f202b3333203334342033393820323238, '1', '0', '', '1', '4', '1', '4', '0', '0', '2', NULL, NULL, NULL, NULL, '89.2217', '2', NULL);
INSERT INTO `purchase` VALUES (56, '3', '2004-06-23 23:11:36', '0', NULL, '000056', '4569736', '0', '0', '', '0', '0', '', '0', '0', '0', '0', '0', '0', '2', NULL, NULL, NULL, NULL, '128870', '2', NULL);
INSERT INTO `purchase` VALUES (65, '3', '2004-08-28 14:02:57', '0', NULL, '000065', '3024885', NULL, NULL, NULL, NULL, NULL, NULL, NULL, NULL, NULL, NULL, NULL, NULL, NULL, '0000999999998888999', '01/2004', '223,383.33', NULL, '216,666.66', '2', '6,716.67');
INSERT INTO `purchase` VALUES (57, '21', '2004-07-13 17:38:51', '0', NULL, '000057', '5291650', '0', '0', '', '0', '0', '', '1', '1', '0', '0', '0', '0', '2', NULL, NULL, NULL, NULL, '31.9814', '2', NULL);
INSERT INTO `purchase` VALUES (58, '114', '2004-07-14 18:22:11', '0', NULL, '000058', '4034915', '0', '0', 0x706c65617365206d656e74696f6e206f7572206f726465726e72203234303032333036206f6e20616c6c2074686520696e766f69636520616e64207061636b696e676c697374, '1', '0', '', '1', '2', '1', '1', '0', '0', '2', NULL, NULL, NULL, NULL, '59.8', '2', NULL);
INSERT INTO `purchase` VALUES (59, '114', '2004-07-28 19:01:17', '0', NULL, '000059', '5636591', '0', '0', '', '0', '0', '', '1', '2', '1', '2', '0', '0', '2', NULL, NULL, NULL, NULL, '237.705', '2', NULL);
INSERT INTO `purchase` VALUES (60, '143', '2004-07-28 19:57:31', '0', NULL, '000060', '7986642', NULL, NULL, NULL, NULL, NULL, NULL, NULL, NULL, NULL, NULL, NULL, NULL, NULL, NULL, NULL, NULL, NULL, NULL, '0', NULL);
INSERT INTO `purchase` VALUES (61, '67', '2004-07-29 20:12:38', '0', NULL, '000061', '469673', '0', '0', '', '1', '0', '', '1', '3', '1', '3', '1', '1', '2', NULL, NULL, NULL, NULL, '37.674', '2', NULL);
INSERT INTO `purchase` VALUES (62, '146', '2004-08-04 17:47:50', '0', NULL, '000062', '3389963', '0', '0', '', '0', '0', '', '0', '0', '1', '', '0', '0', '1', '4507831207500131671', '11/2005', '64.10', NULL, '62.17', '2', '1.93');
INSERT INTO `purchase` VALUES (63, '90', '2004-08-10 15:47:05', '0', NULL, '000063', '7321547', '0', '0', '', '0', '0', '', '1', '2', '1', '2', '0', '0', '2', NULL, NULL, NULL, NULL, '467.94', '2', NULL);
INSERT INTO `purchase` VALUES (64, '144', '2004-08-23 23:04:34', '0', '', '000064', '8688912', '0', '0', '', '0', '0', '', '0', '0', '0', '0', '0', '0', '2', NULL, NULL, NULL, NULL, '145.37', '2', NULL);
INSERT INTO `purchase` VALUES (66, '21', '2004-08-31 19:48:07', '0', NULL, '000066', '8488202', '0', '0', '', '0', '0', '', '1', '1', '0', '0', '0', '0', '2', NULL, NULL, NULL, NULL, '225.1414', '2', NULL);
INSERT INTO `purchase` VALUES (67, '148', '2004-09-01 00:29:21', '0', NULL, '000067', '9763527', NULL, NULL, NULL, NULL, NULL, NULL, NULL, NULL, NULL, NULL, NULL, NULL, NULL, NULL, NULL, NULL, NULL, NULL, '0', NULL);
INSERT INTO `purchase` VALUES (68, '158', '2004-09-03 13:32:53', '0', '', '000068', '2308151', '0', '0', '', '1', '0', '', '1', '1', '1', '1', '0', '0', '2', NULL, NULL, NULL, NULL, '15.465', '2', NULL);
INSERT INTO `purchase` VALUES (69, '158', '2004-09-03 15:07:37', '0', NULL, '000069', '9081630', '0', '0', 0x504c4541534520434f4e4649524d205553452044415445204f462044454c49564552592e205448414e4b20594f552e, '1', '0', '', '1', '1', '1', '1', '0', '0', '2', NULL, NULL, NULL, NULL, '64.953', '2', NULL);
INSERT INTO `purchase` VALUES (70, '160', '2004-09-09 23:42:15', '0', '', '000070', '4872773', '0', '0', '', '1', '1', 'info@oceanicjewellers.com', '1', '', '1', '', '0', '0', '2', NULL, NULL, NULL, NULL, '145.37', '2', NULL);
INSERT INTO `purchase` VALUES (71, '155', '2004-09-29 13:22:14', '0', NULL, '000071', '3417905', '0', '0', '', '0', '0', '', '1', '', '1', '', '1', '', '2', NULL, NULL, NULL, NULL, '283.514', '2', NULL);
INSERT INTO `purchase` VALUES (72, '67', '2004-09-29 14:42:11', '0', NULL, '000072', '5842452', '0', '0', 0x4465617220506c652c203c62723e3c62723e506c6561736520636f6e6669726d20746865206f7264657220746f206d6520617320736f6f6e20617320796f752072656365697665642069742e3c62723e3c62723e5468616e6b7320616e6420726567617264732c3c62723e3c62723e416e67656c653c62723e3c62723e5249574f4449533c62723e393620424953205255452042454155424f5552473c62723e37353030332050415249533c62723e3c62723e, '0', '0', '', '0', '0', '0', '0', '0', '0', '2', NULL, NULL, NULL, NULL, '95.634', '2', NULL);
INSERT INTO `purchase` VALUES (73, '160', '2004-09-30 20:53:58', '0', NULL, '000073', '8244308', '0', '0', '', '1', '0', '', '1', '', '1', '', '0', '0', '2', NULL, NULL, NULL, NULL, '18.8981', '2', NULL);
INSERT INTO `purchase` VALUES (74, '144', '2004-10-12 20:55:29', '0', NULL, '000074', '1423888', '1', '0', '', '1', '0', 'warehouse@touchstoneimports.com', '1', '1', '1', '1', '1', '1', '2', NULL, NULL, NULL, NULL, '289.1725', '2', NULL);
INSERT INTO `purchase` VALUES (75, '121', '2004-10-14 15:02:54', '0', NULL, '000075', '3934061', '0', '0', '', '0', '0', '', '1', '', '1', '', '1', '', '2', NULL, NULL, NULL, NULL, '128870', '2', NULL);
INSERT INTO `purchase` VALUES (76, '121', '2004-10-14 15:06:05', '0', NULL, '000076', '2918441', '0', '0', '', '0', '0', '', '1', '', '1', '', '1', '', '2', NULL, NULL, NULL, NULL, '1262.95', '2', NULL);
INSERT INTO `purchase` VALUES (77, '2', '2004-10-14 16:22:53', '0', NULL, '000077', '7918423', '0', '0', 0x544553542054484953204f5244455220425920204b5249454e47, '0', '1', 'krieng@computerlabelworldwide.com', '0', '0', '0', '0', '0', '0', '2', NULL, NULL, NULL, NULL, '0.12887', '2', NULL);
INSERT INTO `purchase` VALUES (78, '2', '2004-10-14 16:28:57', '0', NULL, '000078', '2968771', '0', '0', 0x544553542054484953204f52444552204259204b5249454e4720414741494e, '0', '1', 'krieng@computerlabelworldwide.com', '0', '0', '0', '0', '0', '0', '2', NULL, NULL, NULL, NULL, '0.12887', '2', NULL);
INSERT INTO `purchase` VALUES (79, '2', '2004-10-14 16:41:21', '0', NULL, '000079', '9228785', '1', '1', 0x6161616161616161, '0', '1', 'krieng@computerlabelworldwide.com', '1', '1', '1', '1', '1', '1', '2', NULL, NULL, NULL, NULL, '0.1495', '2', NULL);
INSERT INTO `purchase` VALUES (80, '2', '2004-10-14 22:17:02', '0', NULL, '000080', '9752249', '0', '0', '', '0', '1', 'kampee@phana.net', '0', '0', '0', '0', '0', '0', '2', NULL, NULL, NULL, NULL, '0.12887', '2', NULL);
INSERT INTO `purchase` VALUES (81, '2', '2004-10-14 22:36:36', '0', NULL, '000081', '2903002', '0', '0', '', '0', '1', 'krieng@computerlabelworldwide.com', '0', '0', '0', '0', '0', '0', '2', NULL, NULL, NULL, NULL, '0.12887', '2', NULL);
INSERT INTO `purchase` VALUES (82, '13', '2004-10-20 13:22:23', '0', NULL, '000082', '3316792', NULL, NULL, NULL, NULL, NULL, NULL, NULL, NULL, NULL, NULL, NULL, NULL, NULL, NULL, NULL, NULL, NULL, NULL, '0', NULL);
INSERT INTO `purchase` VALUES (83, '160', '2004-10-21 20:36:47', '0', NULL, '000083', '9064515', '0', '0', '', '0', '0', '', '0', '0', '0', '0', '0', '0', '2', NULL, NULL, NULL, NULL, '125.1855', '2', NULL);
INSERT INTO `purchase` VALUES (84, '160', '2004-10-21 21:04:15', '0', NULL, '000084', '7565759', '0', '0', '', '0', '0', '', '0', '0', '0', '0', '0', '0', '2', NULL, NULL, NULL, NULL, '940.89813', '2', NULL);
INSERT INTO `purchase` VALUES (85, '90', '2004-10-25 15:44:38', '0', NULL, '000085', '4049005', '0', '0', '', '1', '1', 'lacry@dodi.be', '1', '1', '1', '1', '1', '1', '2', NULL, NULL, NULL, NULL, '115.83', '2', NULL);
INSERT INTO `purchase` VALUES (86, '160', '2004-10-25 22:02:06', '0', NULL, '000086', '5580028', '0', '0', '', '0', '0', '', '0', '0', '0', '0', '0', '0', '2', NULL, NULL, NULL, NULL, '10.8254', '2', NULL);
INSERT INTO `purchase` VALUES (87, '180', '2004-11-01 12:32:21', '0', NULL, '000087', '690398', '0', '0', '', '0', '0', '', '1', '', '1', '', '0', '0', '2', NULL, NULL, NULL, NULL, '541.25', '2', NULL);
INSERT INTO `purchase` VALUES (88, '180', '2004-11-01 12:54:19', '0', NULL, '000088', '4039331', '0', '0', '', '0', '0', '', '1', '', '1', '', '0', '0', '2', NULL, NULL, NULL, NULL, '276.98', '2', NULL);
INSERT INTO `purchase` VALUES (89, '180', '2004-11-03 18:14:12', '0', NULL, '000089', '4546818', '0', '0', '', '0', '0', '', '0', '0', '0', '0', '0', '0', '2', NULL, NULL, NULL, NULL, '154.68', '2', NULL);
INSERT INTO `purchase` VALUES (90, '180', '2004-11-03 18:28:49', '0', NULL, '000090', '5621940', NULL, NULL, NULL, NULL, NULL, NULL, NULL, NULL, NULL, NULL, NULL, NULL, NULL, NULL, NULL, NULL, NULL, NULL, '0', NULL);
INSERT INTO `purchase` VALUES (91, '175', '2004-11-04 16:25:30', '0', NULL, '000091', '7137406', NULL, NULL, NULL, NULL, NULL, NULL, NULL, NULL, NULL, NULL, NULL, NULL, NULL, NULL, NULL, NULL, NULL, NULL, '0', NULL);
INSERT INTO `purchase` VALUES (92, '206', '2004-11-09 22:01:23', '0', NULL, '000092', '5597008', '0', '0', 0x52454620464f55524e4953534555522045352d4f5243415452455320424c414e433c62723e5431203a2031303336503c62723e5432203a20343630703c62723e3c62723e524520464f55524e4953534555522045352d4f52434f524420424c414e433c62723e5430203a203136503c62723e5431203a20343734503c62723e5432203a2032333850, '1', '0', '', '1', '2', '1', '1', '0', '0', '2', NULL, NULL, NULL, NULL, '66.4976', '2', NULL);
INSERT INTO `purchase` VALUES (93, '208', '2004-11-09 22:09:14', '0', NULL, '000093', '4242588', '0', '0', 0x3130302520706f6c79616d69646520666f7220453132, '0', '0', '', '1', '1', '0', '0', '0', '0', '2', NULL, NULL, NULL, NULL, '27.324', '2', NULL);
INSERT INTO `purchase` VALUES (94, '206', '2004-11-09 22:18:14', '0', NULL, '000094', '9889929', '0', '0', 0x504c454153452043414e43454c20544845204649525354204f52444552204e52203030303039323c62723e504c454153452046494e462054484520425245414b444f574e2053495a452057495448204d4f5247414e205245464552454e43453c62723e3c62723e45352d4f5243415452455320424c414e433c62723e5431203a2032303630503c62723e5432203a20393830503c62723e3c62723e45352d4f52434f524420424c414e433c62723e5430203a203235503c62723e5431203a20353530503c62723e5432203a20333030503c62723e3c62723e504c4541534520434f4e4649524d205448452044454c495645525920444154453c62723e3c62723e4245535420524547415244533c62723e3c62723e5345564552494e45204c45474541493c62723e, '0', '1', 'nuni@computerlabelworldwide.com', '1', '2', '1', '1', '0', '0', '2', NULL, NULL, NULL, NULL, '117.0585', '2', NULL);
INSERT INTO `purchase` VALUES (95, '118', '2004-11-17 20:36:54', '0', NULL, '000095', '7315522', '0', '0', '', '0', '0', '', '0', '0', '0', '0', '0', '0', '1', '4974917205812364373', '10/2006', '197.84', NULL, '191.89', '2', '5.95');
INSERT INTO `purchase` VALUES (96, '213', '2004-11-18 00:56:26', '0', NULL, '000096', '4739192', NULL, NULL, NULL, NULL, NULL, NULL, NULL, NULL, NULL, NULL, NULL, NULL, NULL, NULL, NULL, NULL, NULL, NULL, '0', NULL);
INSERT INTO `purchase` VALUES (97, '118', '2004-11-22 17:17:13', '0', NULL, '000097', '4620085', '0', '0', 0x576f756c6420697420626520706f737369626c6520746f2073656e642074686973206469726563746c7920746f206f757220737570706c69657220696e20496e646961203f3c62723e506c65617365207265706c7920717569636b6c7920616e6420636f6e6669726d2064656c69766572792064617465732e, '0', '1', 'ponjsak@computerlabelworldwide.com', '1', '2', '1', '1', '0', '0', '1', '4974917205812364373', '10/2006', '148.96', NULL, '144.48', '2', '4.48');
INSERT INTO `purchase` VALUES (98, '155', '2004-11-26 18:02:17', '0', '', '000098', '5610515', '0', '0', '', '0', '0', '', '1', '1', '1', '1', '1', '1', '2', NULL, NULL, NULL, NULL, '1692.9445', '2', NULL);
INSERT INTO `purchase` VALUES (99, '114', '2004-11-29 21:28:41', '0', NULL, '000099', '8621491', '0', '0', 0x54484953204f52444552204953205645525920555247454e54, '0', '0', '', '1', '2', '1', '2', '0', '0', '2', NULL, NULL, NULL, NULL, '10.465', '2', NULL);
INSERT INTO `purchase` VALUES (100, '3', '2004-11-30 11:58:09', '0', NULL, '000100', '8017140', NULL, NULL, NULL, NULL, NULL, NULL, NULL, NULL, NULL, NULL, NULL, NULL, NULL, NULL, NULL, NULL, NULL, NULL, '0', NULL);
INSERT INTO `purchase` VALUES (101, '90', '2004-12-02 23:21:11', '0', NULL, '000101', '34696', '0', '0', 0x506c656173652067697665206d652061206461746520666f722074686973206f726465722e3c62723e506c656173652073656e642074686973206f7264657220746f2074686520666f6c6c6f77696e67206164726573733a3c62723e3c62723e51494e4744414f204441452048414e204a52204a4557454c52593c62723e58495955414e5a4855414e472056494c4c4147453c62723e544f4e474a49205354524545542c3c62723e3236363232382c4a494d4f2c4368696e612c3c62723e54656c3a2030303836313333323530302d31313234206f7220202d303739363c62723e3c62723e506c6561736520636f6e6669726d206d652020627920652d6d61696c20746f2074686520616472657373206c6163727940646f64692e6265, '1', '1', 'lacry@dodi.be', '1', '2', '1', '2', '1', '2', '2', NULL, NULL, NULL, NULL, '56.65803', '2', NULL);
INSERT INTO `purchase` VALUES (102, '172', '2004-12-07 01:46:17', '0', NULL, '000102', '1223103', '0', '0', 0x6173206973207468652066697273742074696d6520696e666f726d20696d6d656164696174656c7920696620796f752067697665206d6520616c736f20746f676865746572207769746820746865206c6162656c732074686520706c6173746963206e796c6f6e, '1', '0', '', '1', '', '0', '0', '0', '0', '2', NULL, NULL, NULL, NULL, '98.67', '2', NULL);
INSERT INTO `purchase` VALUES (103, '216', '2004-12-07 20:18:28', '0', NULL, '000103', '3197804', '0', '0', '', '0', '0', '', '1', '1', '1', '1', '1', '1', '2', NULL, NULL, NULL, NULL, '103.62', '2', NULL);
INSERT INTO `purchase` VALUES (104, '158', '2004-12-17 16:48:24', '0', NULL, '000104', '8715893', '0', '0', '', '1', '0', '', '1', '1', '0', '0', '0', '0', '2', NULL, NULL, NULL, NULL, '109.79074', '2', NULL);
INSERT INTO `purchase` VALUES (105, '158', '2004-12-17 16:53:08', '0', NULL, '000105', '7574788', '0', '0', '', '1', '0', '', '1', '1', '0', '0', '0', '0', '2', NULL, NULL, NULL, NULL, '20.7385', '2', NULL);
INSERT INTO `purchase` VALUES (106, '172', '2004-12-20 22:56:53', '0', NULL, '000106', '4205711', '0', '0', '', '0', '0', '', '0', '0', '0', '0', '0', '0', '2', NULL, NULL, NULL, NULL, '5.98', '2', NULL);
INSERT INTO `purchase` VALUES (107, '219', '2005-01-06 18:00:47', '0', NULL, '000107', '3771720', '0', '0', '', '0', '0', '', '1', '2', '1', '2', '0', '0', '1', NULL, NULL, NULL, NULL, '77.816', '0', NULL);
INSERT INTO `purchase` VALUES (108, '121', '2005-01-11 14:55:52', '0', NULL, '000108', '4543376', '1', '1', 0x66647366647361484648484a4b4c464855494a44534838454648434e4a4b3b484e445366666566, '0', '1', 'wilhelm@fbb.dk', '1', '25', '1', '100', '1', '3', '2', NULL, NULL, NULL, NULL, '16180344.3729', '2', NULL);
INSERT INTO `purchase` VALUES (109, '222', '2005-01-13 21:37:00', '0', NULL, '000109', '6964969', '0', '0', '', '0', '0', '', '0', '0', '0', '0', '0', '0', '2', NULL, NULL, NULL, NULL, '127.512', '2', NULL);
INSERT INTO `purchase` VALUES (110, '2', '2005-02-02 21:13:24', '0', NULL, '000110', '3812547', '0', '0', 0x544553542054484953204f52444552204259204b5249454e47, '0', '1', 'kampee@computerlabelworldwide.com', '0', '0', '0', '0', '0', '0', '1', '1212212121212121212', '01/2005', '0.09', NULL, '0.09', '2', '0.00');
INSERT INTO `purchase` VALUES (111, '226', '2005-02-22 20:03:59', '0', NULL, '000111', '4015654', '0', '0', 0x476f6f6461667465726e6f6f6e20213c62723e3c62723e5765206172652061206e657720737570706c69657220666f72204d6f7267616e2c20616e642074686973206973207468652066697273742074696d652074686174207765206f72646572207468726f75676820746869732073797374656d2e3c62723e49206861766520666577207175657374696f6e73203a203c62723e3129207768656e2049206f72646572207468652045313120626172636f646520737469636b65722c20686f7720646f20796f75206b6e6f7720776869636820626172636f6465732061726520746f206265207072696e746564203f3c62723e3229204920646964206e6f74207365652061206669656c6420776865726520492063616e20696e666f726d20796f7520776865726520746f2073656e6420746865206f726465726564207061636b696e67206d6174657269616c2c20736f20706c6561736520696e666f726d206d65207768656e20492063616e20696e666f726d20796f7520776865726520746865206d6174657269616c206e6565647320746f2062652073656e642e, '1', '0', '', '1', '2', '1', '2', '0', '0', '2', NULL, NULL, NULL, NULL, '724.908', '2', NULL);
INSERT INTO `purchase` VALUES (112, '158', '2005-02-24 20:52:28', '0', NULL, '000112', '3331627', '0', '0', '', '0', '1', 'info@theaaccessories.com', '1', '1', '0', '0', '0', '0', '2', NULL, NULL, NULL, NULL, '31.3408', '2', NULL);
INSERT INTO `purchase` VALUES (113, '158', '2005-02-24 20:59:32', '0', NULL, '000113', '8781775', '0', '0', 0x7468657365206c6162656c7320757320666f722061727469636c65733a2041524d4f55532e4120616e642041524c55434b2e2020207468616e6b732e206265737420726567617264732e2053746566616e69612e, '0', '1', 'info@theaaccessories.com', '1', '1', '0', '0', '0', '0', '2', NULL, NULL, NULL, NULL, '5.92', '2', NULL);
INSERT INTO `purchase` VALUES (114, '229', '2005-02-25 20:14:50', '0', NULL, '000114', '3477574', NULL, NULL, NULL, NULL, NULL, NULL, NULL, NULL, NULL, NULL, NULL, NULL, NULL, NULL, NULL, NULL, NULL, NULL, '0', NULL);
INSERT INTO `purchase` VALUES (115, '2', '2005-03-08 15:18:13', '0', 'THIS ORDER TEST BY KRIENG', '000115', '3467907', '0', '0', '', '0', '0', '', '1', '1', '1', '1', '1', '1', '1', '4455454554545454545', '05/2005', '15.01', NULL, '14.56', '2', '0.45');
INSERT INTO `purchase` VALUES (116, '223', '2005-03-19 18:49:04', '0', NULL, '000116', '4850368', '0', '0', '', '0', '0', '', '0', '0', '0', '0', '0', '0', '1', '1235458755675468545', '10/2005', '26.57', NULL, '25.77', '2', '0.80');
INSERT INTO `purchase` VALUES (117, '2', '2005-03-22 00:55:46', '0', NULL, '000117', '4908683', '0', '0', '', '0', '0', '', '0', '0', '0', '0', '0', '0', '1', NULL, NULL, NULL, NULL, '0.36084', '2', NULL);
INSERT INTO `purchase` VALUES (118, '2', '2005-03-30 17:48:12', '0', NULL, '000118', '9755647', NULL, NULL, NULL, NULL, NULL, NULL, NULL, NULL, NULL, NULL, NULL, NULL, NULL, NULL, NULL, NULL, NULL, NULL, '0', NULL);
INSERT INTO `purchase` VALUES (119, '90', '2005-04-12 15:10:02', '0', NULL, '000119', '9194670', '0', '0', 0x48656c6c6f2c3c62723e486572652069732061206e6577206f7264657220666f72204d6f7267616e206c6162656c732e506c6561736520636f6e6669726d206d6520746865206f7264657220736f20492063616e206769766520796f75207468652064656c69766572792061647265737320616e6420746865206261727265636f6465206e756d6265722e3c62723e3c62723e4265737420526567617264732c3c62723e3c62723e4c616372793c62723e6c6163727940646f64692e6265, '1', '0', '', '1', '2', '1', '1', '0', '0', '2', NULL, NULL, NULL, NULL, '18.36054', '2', NULL);
INSERT INTO `purchase` VALUES (120, '155', '2005-04-12 17:55:48', '0', NULL, '000120', '7970322', '0', '0', '', '0', '0', '', '1', '', '1', '', '0', '0', '2', NULL, NULL, NULL, NULL, '524.741', '2', NULL);
INSERT INTO `purchase` VALUES (121, '90', '2005-04-13 17:54:36', '0', NULL, '000121', '7382292', '0', '0', 0x48656c6c6f2c3c62723e3c62723e506c6561736520636f6e6669726d20612e732e612e702e74686973206f7264657220736f20492063616e2073656e6420796f752074686520696e666f726d6174696f6e732074686174206861766520746f206265207072696e746564206f6e2074686520737469636b657220707269782e3c62723e3c62723e4265737420526567617264732c3c62723e3c62723e4c616372793c62723e6c6163727940646f64692e6265, '1', '1', 'lacry@dodi.be', '1', '2', '1', '1', '0', '0', '2', NULL, NULL, NULL, NULL, '133.3629', '2', NULL);
INSERT INTO `purchase` VALUES (122, '90', '2005-04-13 18:00:20', '0', NULL, '000122', '8519675', '0', '0', '', '1', '1', 'lacry@dodi.be', '1', '2', '1', '1', '0', '0', '2', NULL, NULL, NULL, NULL, '16.3779', '2', NULL);
INSERT INTO `purchase` VALUES (123, '155', '2005-04-14 16:56:10', '0', NULL, '000123', '8514433', '0', '0', '', '0', '0', '', '1', '', '0', '0', '0', '0', '2', NULL, NULL, NULL, NULL, '1155', '2', NULL);
INSERT INTO `purchase` VALUES (124, '222', '2005-04-14 21:09:56', '0', NULL, '000124', '9879349', '0', '0', '', '0', '0', '', '0', '0', '0', '0', '0', '0', '2', NULL, NULL, NULL, NULL, '32.89', '2', NULL);
INSERT INTO `purchase` VALUES (125, '230', '2005-04-19 18:24:13', '0', NULL, '000125', '302142', NULL, NULL, NULL, NULL, NULL, NULL, NULL, NULL, NULL, NULL, NULL, NULL, NULL, NULL, NULL, NULL, NULL, NULL, '0', NULL);
INSERT INTO `purchase` VALUES (126, '208', '2005-04-25 20:35:07', '0', NULL, '000126', '171057', '0', '0', 0x706c65617365207072696e7420626172636f646573206f6e2068616e677461673c62723e52676473, '0', '0', '', '1', '', '1', '', '0', '0', '2', NULL, NULL, NULL, NULL, '52.54', '2', NULL);
INSERT INTO `purchase` VALUES (127, '233', '2005-04-27 15:11:11', '0', NULL, '000127', '8400557', '1', '1', 0x534f5252592042555420414c4c204953204e4f54205645525920434c45415220544f204d452c20504c454153452053454e44204a41474f20412044455441494c4544204445534352495054494f4e204f4620484f5720544f204d414b4520544845204f524445522e20494620594f55204d414b4520544845204f5244455220464f5220544845204649525344542054494d452049542049532056455259204841524420544f20554e4445525354414e44205748415420544f20444f2045584143544c5921, '1', '0', '', '1', '', '1', '', '1', '', '2', NULL, NULL, NULL, NULL, '1022.42', '2', NULL);
INSERT INTO `purchase` VALUES (128, '232', '2005-04-27 21:07:09', '0', NULL, '000128', '2811416', NULL, NULL, NULL, NULL, NULL, NULL, NULL, NULL, NULL, NULL, NULL, NULL, NULL, NULL, NULL, NULL, NULL, NULL, '0', NULL);
INSERT INTO `purchase` VALUES (129, '21', '2005-05-18 21:44:19', '0', NULL, '000129', '2993006', '0', '0', '', '0', '0', '', '1', '1', '0', '0', '0', '0', '2', NULL, NULL, NULL, NULL, '312.3901', '2', NULL);
INSERT INTO `purchase` VALUES (130, '208', '2005-05-24 16:38:00', '0', NULL, '000130', '4324126', '0', '0', 0x506c6561736520737469636b20626172636f646573206f6e204531332068616e642074616773, '0', '0', '', '1', '', '1', '', '0', '0', '2', NULL, NULL, NULL, NULL, '66.9', '2', NULL);
INSERT INTO `purchase` VALUES (131, '155', '2005-06-01 17:09:12', '0', NULL, '000131', '4926362', '0', '0', '', '0', '0', '', '0', '0', '0', '0', '0', '0', '2', NULL, NULL, NULL, NULL, '277.046', '2', NULL);
INSERT INTO `purchase` VALUES (132, '90', '2005-06-09 16:57:46', '0', NULL, '000132', '4821816', '0', '0', 0x506c656173652073656e642074686973206f7264657220746f2074686520666f6c6c6f77696e67206164726573733a3c62723e3c62723e48454a49413c62723e4e414e4a494e472048454a494120434f2e2c4c54442e3c62723e524d2032383032574553542c20464f5254554e4520494e5445524e41542e3c62723e4255494c44494e47202d4e266465673b33353920484f4e47575520524f41443c62723e3231303030322c4e414e4a494e472c4368696e613c62723e436f6e746163743a4d722e204d617820202d20204a6f686e3c62723e456d61696c3a6368696e61686a406a736d61696c2e636f6d3c62723e506c656173652073656e6420697420756e6465722074686520666f6c6c6f77696e67207265666572656e63653a33332f3230303533303731, '1', '1', 'sabrina@dodi.be', '1', '2', '1', '2', '0', '0', '2', NULL, NULL, NULL, NULL, '19.845', '2', NULL);
INSERT INTO `purchase` VALUES (133, '90', '2005-06-09 19:04:49', '0', NULL, '000133', '1717689', '0', '0', 0x506c656173652066696e64207468652064657461696c73206f662074686973206f7264657220696e2074686520656d61696c2073656e74206f6e2030392f30362f3035, '1', '1', 'lacry@dodi.be', '1', '2', '1', '2', '0', '0', '2', NULL, NULL, NULL, NULL, '24.64364', '2', NULL);
INSERT INTO `purchase` VALUES (134, '90', '2005-06-09 19:12:17', '0', NULL, '000134', '8087947', '0', '0', '', '0', '1', 'lacry@dodi.be', '1', '2', '1', '2', '0', '0', '2', NULL, NULL, NULL, NULL, '50.085', '2', NULL);
INSERT INTO `purchase` VALUES (135, '90', '2005-06-09 19:34:15', '0', NULL, '000135', '7139841', '0', '0', '', '0', '1', 'lacry@dodi.be', '1', '2', '1', '2', '0', '0', '2', NULL, NULL, NULL, NULL, '40.635', '2', NULL);
INSERT INTO `purchase` VALUES (136, '90', '2005-06-09 20:03:31', '0', NULL, '000136', '2048049', '0', '0', '', '0', '0', '', '1', '2', '1', '2', '0', '0', '2', NULL, NULL, NULL, NULL, '19.908', '2', NULL);
INSERT INTO `purchase` VALUES (137, '90', '2005-06-09 20:07:06', '0', NULL, '000137', '1165867', '0', '0', '', '1', '1', 'lacry@dodi.be', '1', '2', '1', '2', '0', '0', '2', NULL, NULL, NULL, NULL, '12.9752', '2', NULL);
INSERT INTO `purchase` VALUES (138, '90', '2005-06-09 20:10:56', '0', NULL, '000138', '1548213', '0', '0', '', '1', '1', 'lacry@dodi.be', '1', '2', '1', '2', '0', '0', '2', NULL, NULL, NULL, NULL, '34.335', '2', NULL);
INSERT INTO `purchase` VALUES (139, '238', '2005-06-10 16:49:52', '0', NULL, '000139', '2955716', NULL, NULL, NULL, NULL, NULL, NULL, NULL, NULL, NULL, NULL, NULL, NULL, NULL, NULL, NULL, NULL, NULL, NULL, '0', NULL);
INSERT INTO `purchase` VALUES (140, '226', '2005-06-14 21:26:22', '0', NULL, '000140', '643029', '0', '0', '', '0', '0', '', '0', '0', '0', '0', '0', '0', '2', NULL, NULL, NULL, NULL, '1027.0325', '2', NULL);
INSERT INTO `purchase` VALUES (141, '226', '2005-07-04 18:00:18', '0', NULL, '000141', '9036007', '0', '0', '', '0', '0', '', '0', '0', '0', '0', '0', '0', '1', NULL, NULL, NULL, NULL, '72.5308', '0', NULL);
INSERT INTO `purchase` VALUES (142, '241', '2005-07-08 12:42:38', '0', NULL, '000142', '6073235', NULL, NULL, NULL, NULL, NULL, NULL, NULL, NULL, NULL, NULL, NULL, NULL, NULL, NULL, NULL, NULL, NULL, NULL, '0', NULL);
INSERT INTO `purchase` VALUES (143, '90', '2005-07-13 17:34:35', '0', NULL, '000143', '3175117', '0', '0', '', '1', '0', '', '1', '1', '1', '1', '0', '0', '2', NULL, NULL, NULL, NULL, '7.475', '2', NULL);
INSERT INTO `purchase` VALUES (144, '246', '2005-07-19 19:12:33', '0', NULL, '000144', '8185464', '0', '0', '', '1', '0', '', '1', '2', '1', '2', '0', '0', '2', NULL, NULL, NULL, NULL, '96.075', '2', NULL);
INSERT INTO `purchase` VALUES (145, '253', '2005-07-23 11:40:44', '0', '', '000145', '1083014', '0', '0', '', '0', '0', '', '1', '', '1', '', '1', '', '2', NULL, NULL, NULL, NULL, '103.12', '2', NULL);
INSERT INTO `purchase` VALUES (146, '253', '2005-07-23 11:57:06', '0', NULL, '000146', '4529959', '0', '0', 0x6974656d20203b2048352d534f4c555220413c62723e53495a4520203a2054553c62723e3c62723e5155414c495459203a203130302520564953434f53453c62723e3c62723e57415348494e4720494e535452554354494f4e533a3c62723e48414e442057415348204e4f524d414c2057415445523c62723e4e4f20424c45414348494e47204147454e542053484f554c44204245205553454420544f2052454d4f564520535441494e532e3c62723e4c494748542049524f4e204f4e205245564552534520534944452e3c62723e444f204e4f542052494e53453c62723e43414e20414c534f2042452044525920434c45414e45442e3c62723e3c62723e4d41444520494e20494e4449413c62723e3c62723e, '0', '0', '', '1', '', '1', '', '1', '', '2', NULL, NULL, NULL, NULL, '8.25', '2', NULL);
INSERT INTO `purchase` VALUES (147, '253', '2005-07-23 12:14:26', '0', NULL, '000147', '3506460', '0', '0', 0x6974656d20203b2048352d534f4c555220413c62723e53495a4520203a2054553c62723e3c62723e5155414c495459203a203130302520564953434f53453c62723e3c62723e57415348494e4720494e535452554354494f4e533a3c62723e48414e442057415348204e4f524d414c2057415445523c62723e4e4f20424c45414348494e47204147454e542053484f554c44204245205553454420544f2052454d4f564520535441494e532e3c62723e4c494748542049524f4e204f4e205245564552534520534944452e3c62723e444f204e4f542052494e53453c62723e43414e20414c534f2042452044525920434c45414e45442e3c62723e3c62723e4d41444520494e20494e4449413c62723e3c62723e, '0', '0', '', '1', '', '1', '', '1', '', '2', NULL, NULL, NULL, NULL, '12.1', '2', NULL);
INSERT INTO `purchase` VALUES (148, '253', '2005-07-23 12:18:14', '0', NULL, '000148', '9236761', '0', '0', 0x6974656d20203b2048352d534f4d41494c2e2041203c62723e53495a4520203a2054553c62723e3c62723e5155414c495459203a203130302520564953434f53453c62723e3c62723e57415348494e4720494e535452554354494f4e533a3c62723e48414e442057415348204e4f524d414c2057415445523c62723e4e4f20424c45414348494e47204147454e542053484f554c44204245205553454420544f2052454d4f564520535441494e532e3c62723e4c494748542049524f4e204f4e205245564552534520534944452e3c62723e444f204e4f542052494e53453c62723e43414e20414c534f2042452044525920434c45414e45442e3c62723e3c62723e4d41444520494e20494e4449413c62723e3c62723e, '0', '0', '', '1', '', '1', '', '1', '', '2', NULL, NULL, NULL, NULL, '41.8', '2', NULL);
INSERT INTO `purchase` VALUES (149, '253', '2005-07-23 12:23:19', '0', NULL, '000149', '6467100', '0', '0', 0x6974656d20203b2048352d534f5041494c2e413c62723e53495a4520203a2054553c62723e3c62723e5155414c495459203a203130302520564953434f53453c62723e3c62723e57415348494e4720494e535452554354494f4e533a3c62723e48414e442057415348204e4f524d414c2057415445523c62723e4e4f20424c45414348494e47204147454e542053484f554c44204245205553454420544f2052454d4f564520535441494e532e3c62723e4c494748542049524f4e204f4e205245564552534520534944452e3c62723e444f204e4f542052494e53453c62723e43414e20414c534f2042452044525920434c45414e45442e3c62723e3c62723e4d41444520494e20494e4449413c62723e3c62723e, '0', '0', '', '1', '', '1', '', '1', '', '2', NULL, NULL, NULL, NULL, '12.65', '2', NULL);
INSERT INTO `purchase` VALUES (150, '253', '2005-07-23 12:26:04', '0', NULL, '000150', '1978671', '0', '0', '', '0', '0', '', '1', '', '1', '', '1', '', '2', NULL, NULL, NULL, NULL, '46.9', '2', NULL);
INSERT INTO `purchase` VALUES (151, '253', '2005-07-23 12:47:11', '0', NULL, '000151', '6570561', '0', '0', '', '0', '0', '', '1', '', '1', '', '1', '', '2', NULL, NULL, NULL, NULL, '735', '2', NULL);
INSERT INTO `purchase` VALUES (152, '121', '2005-07-26 09:38:46', '0', NULL, '000152', '5444968', NULL, NULL, NULL, NULL, NULL, NULL, NULL, NULL, NULL, NULL, NULL, NULL, NULL, NULL, NULL, NULL, NULL, NULL, '0', NULL);
INSERT INTO `purchase` VALUES (153, '155', '2005-07-30 16:11:47', '0', NULL, '000153', '4979385', '0', '0', '', '0', '0', '', '0', '0', '0', '0', '0', '0', '2', NULL, NULL, NULL, NULL, '1164.385', '2', NULL);
INSERT INTO `purchase` VALUES (154, '155', '2005-08-10 18:55:15', '0', NULL, '000154', '4477974', '0', '0', '', '0', '0', '', '0', '0', '0', '0', '0', '0', '2', NULL, NULL, NULL, NULL, '186.43', '2', NULL);
INSERT INTO `purchase` VALUES (155, '251', '2005-08-30 18:06:02', '0', NULL, '000155', '246771', NULL, NULL, NULL, NULL, NULL, NULL, NULL, NULL, NULL, NULL, NULL, NULL, NULL, NULL, NULL, NULL, NULL, NULL, '0', NULL);

# --------------------------------------------------------

#
# โครงสร้างตาราง `purchase1`
#

DROP TABLE IF EXISTS `purchase1`;
CREATE TABLE `purchase1` (
  `purchase_id` int(11) NOT NULL auto_increment,
  `create_by` decimal(10,0) default NULL,
  `create_date` datetime default NULL,
  `purchase_status` decimal(10,0) default NULL,
  `status_note` varchar(100) default NULL,
  `purchase_code` varchar(9) default NULL,
  `mor_ran` decimal(10,0) default NULL,
  `pack` decimal(10,0) default NULL,
  `brochure` decimal(10,0) default NULL,
  `xmessage` blob,
  `sendtome` decimal(10,0) default NULL,
  `sendtocc` decimal(10,0) default NULL,
  `ccemail` varchar(200) default NULL,
  `invoice` decimal(10,0) default NULL,
  `invoice_num` decimal(10,0) default NULL,
  `pack_list` decimal(10,0) default NULL,
  `pack_list_num` decimal(10,0) default NULL,
  `cert_origin` decimal(10,0) default NULL,
  `cert_origin_num` decimal(10,0) default NULL,
  `credit` decimal(10,0) default NULL,
  `credit_card` varchar(20) default NULL,
  `credit_exp_date` varchar(7) default NULL,
  `total_credit_price_charge` varchar(15) default NULL,
  `vat_total` varchar(15) default NULL,
  `totals` varchar(15) default NULL,
  `xstatus` decimal(10,0) default NULL,
  PRIMARY KEY  (`purchase_id`)
) TYPE=MyISAM AUTO_INCREMENT=1 ;

#
# dump ตาราง `purchase1`
#


# --------------------------------------------------------

#
# โครงสร้างตาราง `users`
#

DROP TABLE IF EXISTS `users`;
CREATE TABLE `users` (
  `users_id` int(11) NOT NULL auto_increment,
  `user_fname` varchar(30) default NULL,
  `user_lname` varchar(30) default NULL,
  `login_name` varchar(10) default NULL,
  `password` varchar(10) default NULL,
  `email` varchar(50) default NULL,
  `zone_id` decimal(10,0) default NULL,
  `user_status` decimal(10,0) default NULL,
  PRIMARY KEY  (`users_id`)
) TYPE=MyISAM AUTO_INCREMENT=258 ;

#
# dump ตาราง `users`
#

INSERT INTO `users` VALUES (1, 'Ahr', 'ahr', 'ahr', 'ahr', 'pathompong@intellinet.co.th', '1', '1');
INSERT INTO `users` VALUES (2, 'Panida', 'Teeyakom', 'nuk', 'nuk123', 'panida@computerlabelworldwide.com', '1', '1');
INSERT INTO `users` VALUES (3, 'nuni', 'nuni', 'nuni', 'nuni123', 'nuni@computerlabelworldwide.com', '1', '1');
INSERT INTO `users` VALUES (4, 'ko', 'ko', 'ko', 'ko', 'krisdavut@intellinet.co.th', '3', '1');
INSERT INTO `users` VALUES (5, 'morgan', '', 'morgan', 'morgan123', 'panida@computerlabelworldwide.com', '2', '1');
INSERT INTO `users` VALUES (6, 'Pongsak', '', 'pongsak', 'pong123', 'pongsak@computerlabelworldwide.com', '1', '1');
INSERT INTO `users` VALUES (7, 'ysa', '', 'ysatest', 'ysa', 'ydupire@morgan.fr', '3', '1');
INSERT INTO `users` VALUES (8, 'tony', 'Collins', 'tony', 'tony123', 'tony-collins@computerlabelworldwide.com', '1', '1');
INSERT INTO `users` VALUES (98, 'jane', '', 'jane', 'mgn104jan', 'jssis76@hotmail.com', '3', '1');
INSERT INTO `users` VALUES (10, 'accent', '', 'accent', 'mgn1accent', '', '3', '1');
INSERT INTO `users` VALUES (11, 'beltdesign', '', 'beltdesign', 'mgn1bd', 'info@beltdesign.nl', '3', '1');
INSERT INTO `users` VALUES (12, 'beltfashion-mina', '', 'bfmina', 'mgn3bf', 'mina@beltfashion.nl', '3', '1');
INSERT INTO `users` VALUES (13, 'beltfashion-wim', '', 'bfwim', 'mgn4bf', 'wim@beltfashion.nl', '3', '1');
INSERT INTO `users` VALUES (14, 'BIK BIJOUX', '', 'bix', 'mgn5bix', 'info@bikbijoux.com', '3', '1');
INSERT INTO `users` VALUES (15, 'BOOIL - Dina', '', 'dbooil', 'mgn6booil', 'dinadina578@hotmail.com', '3', '1');
INSERT INTO `users` VALUES (16, 'BOOIL - Jenny', '', 'jbooil', 'mgn7booil', '653861@hanmail.net', '3', '1');
INSERT INTO `users` VALUES (17, 'CADANSA', '', 'cadansa', 'mgn8cada', 'cadansa@vsnl.com', '3', '1');
INSERT INTO `users` VALUES (18, 'CARTOUCHE', '', 'cartouche', 'mgn9cart', 'info@cartouche-fashion.com', '3', '1');
INSERT INTO `users` VALUES (19, 'CATARZI', '', 'catarzi', 'mgn10cat', 'ale.mic@user.ats.it', '3', '1');
INSERT INTO `users` VALUES (20, 'CAZZOLA', '', 'cazzola', 'mgn11caz', 'gu.chik@laposte.net', '3', '1');
INSERT INTO `users` VALUES (21, 'CHENARD', '', 'chenard', 'mgn12che', 'chenard92@aol.com', '3', '1');
INSERT INTO `users` VALUES (22, 'ACCESSOIRES DU TEMPLE', '', 'adutemple', 'mgn13adu', 'christophe.lin@online.fr', '3', '1');
INSERT INTO `users` VALUES (23, 'ALPHA', '', 'alpha', 'mgn14alpha', 'ceinture@club-internet.fr', '3', '1');
INSERT INTO `users` VALUES (24, 'ALPINE - Sanjay', '', 'alpine', 'mgn15alpin', 'sanjay@alpineapparels.com', '3', '1');
INSERT INTO `users` VALUES (25, 'ART et METAL - Martina', '', 'aemetal', 'mgn16metal', 'martina@artmetal.it', '3', '1');
INSERT INTO `users` VALUES (26, 'BEEJOO', '', 'beejoo', 'mgn17beejo', 'beejoo@tiscali.fr', '3', '1');
INSERT INTO `users` VALUES (27, 'BUSCARLET', '', 'buscarlet', 'mgn18bus', 'buscarlet@free.fr', '3', '1');
INSERT INTO `users` VALUES (28, 'CACTUS - Arnaud', '', 'cactus', 'mgn19cactu', 'jocaste_bontemps@msn.com', '3', '1');
INSERT INTO `users` VALUES (29, 'CARABASSE', '', 'carabasse', 'mgn20cara', 'carabasse@gardtex.com', '3', '1');
INSERT INTO `users` VALUES (30, 'COURT CIRCUIT', '', 'court', 'mgn21court', 'usedjeans@hotmail.com', '3', '1');
INSERT INTO `users` VALUES (31, 'D.F.I.', '', 'dfi', 'mgn22dfi', '', '3', '1');
INSERT INTO `users` VALUES (33, 'D.V.I', '', 'dvi', 'mgn23dvi', 'reddvi@terra.es', '3', '1');
INSERT INTO `users` VALUES (97, 'phil', '', 'franis', 'mgn95sc', '', '3', '1');
INSERT INTO `users` VALUES (34, 'DANIEL', '', 'daniel', 'mgn24danie', 'daniel@sttspa.it', '3', '1');
INSERT INTO `users` VALUES (35, 'DI MODE', '', 'dimode', 'mgn21di', 'amelle@di-mode.fr', '3', '1');
INSERT INTO `users` VALUES (36, 'DENIS BOUCHER', '', 'denis', 'mgn26denis', 'denisboucher@wanadoo.fr', '3', '1');
INSERT INTO `users` VALUES (37, 'DORA - David', '', 'dora', 'mgn27dora', 'dbusato@dora.it', '3', '1');
INSERT INTO `users` VALUES (38, 'DURAND', '', 'durand', 'mgn28duran', 'durand@ilias.com', '3', '1');
INSERT INTO `users` VALUES (39, 'ELITE', '', 'elite', 'mgn29elite', 'elite.paris@noos.fr', '3', '1');
INSERT INTO `users` VALUES (40, 'FANCY FASHIONS', '', 'ffashion', 'mgn30ffash', 'ffashion@del2.vsnl.net.in', '3', '1');
INSERT INTO `users` VALUES (41, 'GANESHA', '', 'ganesha', 'mgn31ga', 'ganesha@vsnl.com', '3', '1');
INSERT INTO `users` VALUES (42, 'GRIFONI', '', 'grifoni', 'mgn32grifo', 'grifoni@ukgateway.net', '3', '1');
INSERT INTO `users` VALUES (43, 'GUILLAUMOND', '', 'gmont', 'mgn33gmont', 'e.deleage@guillaumond.com', '3', '2');
INSERT INTO `users` VALUES (44, 'ICAS', '', 'icas', 'mgn34icas', 'info@icascaps.it', '3', '1');
INSERT INTO `users` VALUES (45, 'ICAS - Giuseppina', '', 'icasg', 'mgn35icasg', 'giuseppina@icascaps.it', '3', '1');
INSERT INTO `users` VALUES (46, 'JOLIJOUBI', '', 'harrycover', 'mgn36hc', 'info@harrycover.com', '3', '1');
INSERT INTO `users` VALUES (47, 'JOLIJOUBI  Annabelle', '', 'harrycover', 'mgn37hcja', 'annabelle.taupin@harrycover.com', '3', '1');
INSERT INTO `users` VALUES (48, 'KHRISHNA - Jasmeet', '', 'kgkrish', 'mgn38kj', 'kgkrish@nda.vsnl.net.in', '3', '1');
INSERT INTO `users` VALUES (49, 'KOCABAS', '', 'bkocabas', 'mgn39bk', 'bkocabas@attnet.net.tr', '3', '1');
INSERT INTO `users` VALUES (50, 'LCDA', '', 'lcda', 'mgn40lcda', 'lcda@club-internet.fr', '3', '1');
INSERT INTO `users` VALUES (51, 'LEMIE - Matteo', '', 'matteo', 'mgn41mt', 'b.matteo@lemie.it', '3', '1');
INSERT INTO `users` VALUES (52, 'LEMIE - Pascal', '', 'pascal', 'mgn42pc', 'pbeaufort.leika@9online.fr', '3', '1');
INSERT INTO `users` VALUES (53, 'LERI', '', 'leri', 'mgn43leri', 'lericeintures@wanadoo.fr', '3', '1');
INSERT INTO `users` VALUES (54, 'MAGIC', '', 'magic', 'mgn44mg', 'magic.fourniture@wanadoo.fr', '3', '1');
INSERT INTO `users` VALUES (55, 'MATIERE A ACCESSOIRES', '', 'matiere', 'mgn45ma', 'matiere-a-accessoire@wanadoo.fr', '3', '1');
INSERT INTO `users` VALUES (56, 'MILADY -Sab', '', 'tournesol', 'mgn46ms', 'tournesol.sa@wanadoo.fr', '3', '1');
INSERT INTO `users` VALUES (57, 'MOD\'CRAVATE', '', 'infomcv', 'mgn47mcv', 'info@modcravate.com', '3', '1');
INSERT INTO `users` VALUES (58, 'MODENA', '', 'modena', 'mgn48ml', 'olivier@modana-laimbock.nl', '3', '1');
INSERT INTO `users` VALUES (59, 'MPD', '', 'mpd', 'mgn49mpd', 'wortelboer@mpd-acc.nl', '3', '1');
INSERT INTO `users` VALUES (60, 'OCEANIC', '', 'oceanic', 'mgn50oce', 'pitu@oceanicjewellers.com', '3', '1');
INSERT INTO `users` VALUES (61, 'ORCA', '', 'orca', 'mgn51orca', 'imceafax-orca@morgan.fr', '3', '1');
INSERT INTO `users` VALUES (62, 'PELLETERIE- Alberto', '', 'alberto', 'mgn52pa', '', '3', '1');
INSERT INTO `users` VALUES (63, 'PORRIER', '', 'porrier', 'mgn53tc', 'lesbasrobert@tiscali.fr', '3', '1');
INSERT INTO `users` VALUES (64, 'RAND', '', 'rand', 'mgn54rand', 'office@rand-freres.com', '3', '1');
INSERT INTO `users` VALUES (65, 'RAND - Xavier', '', 'randxd', 'mgn55randx', '', '3', '1');
INSERT INTO `users` VALUES (66, 'REBECCA', '', 'rebecca', 'mgn56er', '', '3', '1');
INSERT INTO `users` VALUES (67, 'RIWODIS', '', 'riwodis', 'mgn57noos', 'riwodis@noos.fr', '3', '1');
INSERT INTO `users` VALUES (68, 'RUBINSTEIN - Alexandre', '', 'bubinstein', 'mgn58ra', 'alexforrubinstein@skynet.be', '3', '1');
INSERT INTO `users` VALUES (69, 'SARLINI - Nicole', '', 'sarlini', 'mgn59sn', 'salesdep_nl@sarlini.com', '3', '1');
INSERT INTO `users` VALUES (70, 'SIJOLI', '', 'sijoli', 'mgn60aol', 'sijolibijoux@aol.com', '3', '1');
INSERT INTO `users` VALUES (71, 'STEVAL', '', 'steval', 'mgn61sv', 'stevalvalor@online.fr', '3', '1');
INSERT INTO `users` VALUES (72, 'STYLECUIR', '', 'stylecuir', 'mgn62wnd', 'style.cuir@wanadoo.fr', '3', '1');
INSERT INTO `users` VALUES (73, 'T.E.CAPPELLIFICIO', '', 'jacqueslaf', 'mgn63lbr', 'jacqueslafond@libero.it', '3', '1');
INSERT INTO `users` VALUES (74, 'THEVENON', '', 'thevenon', 'mgn64tvn', 'christophe@thevenon.com', '3', '1');
INSERT INTO `users` VALUES (75, 'TOURNEROCHE', '', 'tourneroch', 'mgn65wnd', 'tourneroche@wanadoo.fr', '3', '1');
INSERT INTO `users` VALUES (76, 'TRENDY - Alesssandro', '', 'alemic', 'mgn66ta', 'ale.mic@user.ats.it', '3', '1');
INSERT INTO `users` VALUES (77, 'VERSTEEGH', '', 'versteegh', 'mgn67wnd', 'htoulemonde@wanadoo.fr', '3', '1');
INSERT INTO `users` VALUES (78, 'VIBHOR', '', 'saivibhor', 'mgn68ttld', 'saivibhor@touchtelindia.net', '3', '1');
INSERT INTO `users` VALUES (79, 'WWG', '', 'wwg', 'mgn69wwg', 'wwg@wwgltd.co.uk', '3', '1');
INSERT INTO `users` VALUES (80, 'WWG  Roxy', '', 'wwgr', 'mgn70wwgr', 'roxy@wwwgltd.co.uk', '3', '1');
INSERT INTO `users` VALUES (81, 'ZIFEL', '', 'zifel', 'mgn71zifel', 'zifel@wanadoo.fr', '3', '1');
INSERT INTO `users` VALUES (82, 'BRUNA', '', 'bruna', 'mgn72bruna', '', '3', '1');
INSERT INTO `users` VALUES (83, 'DELCOURT  - Sione', '', 'dsione', 'mgn73dsi', 'sione@delcourt.nl', '3', '1');
INSERT INTO `users` VALUES (84, 'GANESHA ART GALLERY -', 'Sangeet/Sumit', 'gag', 'mgn74gag', 'info@ganesha-mahendra.com', '3', '1');
INSERT INTO `users` VALUES (85, 'VERSTEEGH - Ellen de  Klein', '', 'vellen', 'mgn75ve', 'ellen@versteegh.nl', '3', '1');
INSERT INTO `users` VALUES (86, 'odette', 'courrier', 'odette', 'mgn76ode', '', '3', '1');
INSERT INTO `users` VALUES (87, 'ACM - Chiara', '', 'acmc', 'mgn77acmc', 'info@acmdettaglidimoda.it', '3', '2');
INSERT INTO `users` VALUES (88, 'ANTONIAZZI - Doenico', '', 'antoniazzi', 'mgn101ant', 'antoniazzi@antoniazzi1.191.it', '3', '1');
INSERT INTO `users` VALUES (89, 'BROCHOT - Vanessa Ouarem', '', 'vanessa', 'mgn79bv', '', '1', '1');
INSERT INTO `users` VALUES (90, 'DODI - Christian', '', 'dodi', 'mgn103dod', 'dodi@dodi.be', '3', '1');
INSERT INTO `users` VALUES (91, 'ISTANBUL - Fabrice Dupont', '', 'istanbul', 'mgn81is', '', '1', '1');
INSERT INTO `users` VALUES (92, 'ISTANBUL - Fabrice Dupont', '', 'istanbul', 'mgn81is', '', '3', '1');
INSERT INTO `users` VALUES (93, 'MEAZZO BENITO - Manuela Meazzo', '', 'meazzo', 'mgn102mea', 'meazzo@tin.it', '3', '1');
INSERT INTO `users` VALUES (94, 'ORCA - Bertrand Bigot', '', 'orca', 'mgn82orca', '', '3', '1');
INSERT INTO `users` VALUES (95, 'PAULA DESIGN - Maud Jacob', '', 'maud2st', 'mgn83maud', '', '3', '1');
INSERT INTO `users` VALUES (96, 'VOG - Audrey', '', 'laetitia', 'mgn84vog', '', '3', '1');
INSERT INTO `users` VALUES (99, 'Vanessa', 'Ouarem', 'Brochot', 'mgn97bro', '', '1', '1');
INSERT INTO `users` VALUES (100, 'CHRISTINE', '', 'CHRISTELLE', 'MGN98CIS', '', '1', '1');
INSERT INTO `users` VALUES (101, 'GIORGIO', '', 'GIORGIO', 'mgn99gio', '', '3', '1');
INSERT INTO `users` VALUES (102, 'vincent', 'yeung', 'VINCENT', 'mgn100vin', '', '3', '1');
INSERT INTO `users` VALUES (103, 'gianpaolo', '', 'antoniazzi', 'mgn101ant', '', '3', '1');
INSERT INTO `users` VALUES (104, 'alessio', 'benelli', 'cappellifi', 'mgn101cap', '', '3', '1');
INSERT INTO `users` VALUES (105, 'wayne', 'larkin', 'pauladesig', 'mgn103pau', '', '3', '1');
INSERT INTO `users` VALUES (106, 'wayne l', 'arkin', 'pauladesig', 'mgn103pau', '', '3', '1');
INSERT INTO `users` VALUES (107, 'abhi', '', 'abhi', 'abhi123', '', '1', '1');
INSERT INTO `users` VALUES (108, 'Chiara', '', 'ACM', 'mgn1acm', 'info@acmdettaglidimoda.it', '3', '1');
INSERT INTO `users` VALUES (109, 'thanulux', '', 'thanulux', 'mgntot101', 'totalway@thanulux.com', '3', '1');
INSERT INTO `users` VALUES (110, 'Clenoir', '', 'clenoir', 'mgn99up', '', '3', '1');
INSERT INTO `users` VALUES (111, 'Steve', '', 'steve', 'mgn55temp', '', '3', '1');
INSERT INTO `users` VALUES (112, 'Marie', '', 'marie', 'mgn66mar', '', '3', '1');
INSERT INTO `users` VALUES (113, 'Sanjay', '', 'sanjay', 'mgn11alp', '', '3', '1');
INSERT INTO `users` VALUES (114, 'Wilma', '', 'wilma', 'mgn22bel', '', '3', '1');
INSERT INTO `users` VALUES (115, 'Shirley', '', 'shirley', 'mgn55ori', '', '3', '1');
INSERT INTO `users` VALUES (116, 'Shirley', '', 'shirley', 'mgn55ori', '', '3', '1');
INSERT INTO `users` VALUES (117, 'Marie', '', 'marie', 'mgn77dur', '', '3', '1');
INSERT INTO `users` VALUES (118, 'Jill', '', 'jill', 'mgn11kel', '', '3', '1');
INSERT INTO `users` VALUES (119, 'Dina', '', 'dina', 'mgn77bbc', '', '3', '1');
INSERT INTO `users` VALUES (120, 'Olivier', '', 'olivier', 'mgn12upd', '', '3', '1');
INSERT INTO `users` VALUES (121, 'ple', '', 'ple', 'ple123', '', '1', '1');
INSERT INTO `users` VALUES (122, 'lisa', '', 'ima', 'ima123', '', '3', '1');
INSERT INTO `users` VALUES (123, 'Thomas', '', 'Jocaste', 'joc123', '', '3', '1');
INSERT INTO `users` VALUES (124, 'Dieter', '', 'Blumenmull', 'Blu123', '', '3', '1');
INSERT INTO `users` VALUES (125, 'Dieter', '', 'Blumenmull', 'Blu123', '', '3', '1');
INSERT INTO `users` VALUES (126, 'Francesca', '', 'francesca', 'mgn33glo', '', '1', '1');
INSERT INTO `users` VALUES (127, 'Annabelle', '', 'annabelle', 'mgn23har', 'frapieralli@globeagency.it', '3', '1');
INSERT INTO `users` VALUES (128, 'Christophe', '', 'christophe', 'mgn55the', '', '3', '1');
INSERT INTO `users` VALUES (129, 'Dieter', '', 'dieter', 'mgn77blu', '', '3', '1');
INSERT INTO `users` VALUES (130, 'Thomas', '', 'jacoste', 'mgn68jac', '', '3', '1');
INSERT INTO `users` VALUES (131, 'Lisa', '', 'lisa', 'mgn99lma', '', '3', '1');
INSERT INTO `users` VALUES (132, 'Guillaumond', '', 'guillaumon', 'mgn11gui', 'e.deleage@guillaumond.com', '3', '1');
INSERT INTO `users` VALUES (133, 'Norbelik', '', 'norbelik', 'mgn88des', '', '3', '1');
INSERT INTO `users` VALUES (134, 'Alessandro', '', 'rebecca', 'mgn66ess', '', '3', '1');
INSERT INTO `users` VALUES (135, 'Alessandro', '', 'berni', 'mgn22tre', '', '3', '1');
INSERT INTO `users` VALUES (136, 'Alessandro', '', 'berni', 'mgn22tre', '', '3', '1');
INSERT INTO `users` VALUES (137, 'Agnes', 'Havet', 'agnes', 'mgn11joc', '', '3', '1');
INSERT INTO `users` VALUES (138, 'Saigal', '', 'empire', 'mgn65int', '', '3', '1');
INSERT INTO `users` VALUES (139, 'Saigal', '', 'empire', 'mgn65int', '', '3', '1');
INSERT INTO `users` VALUES (140, 'David', '', 'dimode', 'mgn25mod', '', '3', '1');
INSERT INTO `users` VALUES (141, 'sarfati', '', 'prescilla', 'mgn78pre', '', '3', '1');
INSERT INTO `users` VALUES (142, 'ALINE', '', 'CARO CUIR', 'MGN105CARO', '', '3', '1');
INSERT INTO `users` VALUES (143, 'EVELYNE', '', 'EUROLINE', 'mgn106euro', '', '1', '1');
INSERT INTO `users` VALUES (144, 'Touchstone', '', 'touchstone', 'mgn11tou', 'emma@touchstoneimports.com', '3', '1');
INSERT INTO `users` VALUES (145, 'Blare-accessories', '', 'blare', 'mgn11bla', '', '1', '1');
INSERT INTO `users` VALUES (146, 'Blair-accessories', '', 'Blair', 'mgn11bla', '', '1', '1');
INSERT INTO `users` VALUES (147, 'STOLAR', '', 'STOLAR', 'MGN12STO', '', '1', '1');
INSERT INTO `users` VALUES (148, 'AGORA', '', 'AGORA', 'MGN14AG', '', '3', '1');
INSERT INTO `users` VALUES (149, 'DESIGN + BAHNG SWBAHNG', '', 'DESIGN', 'MGN15DE', '', '1', '1');
INSERT INTO `users` VALUES (150, 'TRENDY', '', 'TRENDY', 'MGN16TR', 'ale.mic@user.ats.it', '3', '1');
INSERT INTO `users` VALUES (151, 'JN +', '', 'JN', 'MGN17JN', '', '3', '1');
INSERT INTO `users` VALUES (152, 'UP2DATE', '', 'U2D', 'mgn18up', '', '3', '1');
INSERT INTO `users` VALUES (153, 'TIEFFE', '', 'tieffe', 'mgn19ti', '', '3', '1');
INSERT INTO `users` VALUES (154, 'TIEFFE', '', 'tieffe', 'mgn19ti', '', '3', '1');
INSERT INTO `users` VALUES (155, 'Facy fashion', '', 'fancy', 'mgn19fa', '', '3', '1');
INSERT INTO `users` VALUES (156, 'Delta sourcing', '', 'delta', 'mgn20del', '', '3', '1');
INSERT INTO `users` VALUES (157, 'Onlin - Chistopho', '', 'onlin', 'mgn55onl', '', '3', '1');
INSERT INTO `users` VALUES (158, 'Theaacessories', '', 'Thea', 'mgn107the', '', '3', '1');
INSERT INTO `users` VALUES (159, 'Oceanic', '', 'ocean', 'mgn22oce', '', '3', '1');
INSERT INTO `users` VALUES (160, 'Oceanic', '', 'ocean', 'mgn22oce', '', '3', '1');
INSERT INTO `users` VALUES (161, 'Abexo - Radhe', '', 'Abexo', 'mgn77abe', '', '3', '1');
INSERT INTO `users` VALUES (162, 'BBCREATION - Jenny', '', 'bbcreation', 'mgn123bbc', '', '3', '1');
INSERT INTO `users` VALUES (163, 'Libero', '', 'Libero', 'mgn01lib', '', '3', '1');
INSERT INTO `users` VALUES (164, 'Acmdettaglidimoda', '', 'acmdet', 'mgn02acm', '', '3', '1');
INSERT INTO `users` VALUES (165, 'Inbhold', '', 'inbhold', 'mgn03inb', '', '3', '1');
INSERT INTO `users` VALUES (166, 'Appella', '', 'appella', 'mgn04app', '', '3', '1');
INSERT INTO `users` VALUES (167, 'Jonadam', '', 'Jonadamnew', 'jonadamnew', 'josh_mgbo@jonadam.co.uk', '3', '1');
INSERT INTO `users` VALUES (168, 'Magic Cloth', '', 'Magic', 'mgn06mgn', '', '3', '1');
INSERT INTO `users` VALUES (169, 'Arnaud', '', 'arnaud', 'mgn08arn', '', '3', '1');
INSERT INTO `users` VALUES (170, 'Magic cloth', '', 'Magic', 'mgn06mag', '', '3', '1');
INSERT INTO `users` VALUES (171, 'KEWECHRIS - LILIANE', '', 'KEWECHRIS', 'MGN123KEW', '', '3', '1');
INSERT INTO `users` VALUES (172, 'PUNTO FIBBIA', '', 'PUNTO', 'MGN456PUN', '', '3', '1');
INSERT INTO `users` VALUES (173, 'PERICELL - BRUNO', '', 'PERICELL', 'MGN789PER', '', '3', '1');
INSERT INTO `users` VALUES (174, 'SANJING - ISABELLE', '', 'SANJING', 'mgn111san', '', '3', '1');
INSERT INTO `users` VALUES (175, 'Cathaya', '', 'catha', 'mgn44cat', '', '3', '1');
INSERT INTO `users` VALUES (176, 'Lideal', '', 'Lideal', 'mgn77lid', '', '3', '1');
INSERT INTO `users` VALUES (177, 'Lideal', '', 'Lideal', 'mgn77lid', '', '3', '1');
INSERT INTO `users` VALUES (178, 'Lideal', '', 'Lideal', 'mgn77lid', '', '3', '1');
INSERT INTO `users` VALUES (179, 'Grace', '', 'Grace', 'mgn88gr', '', '3', '1');
INSERT INTO `users` VALUES (180, 'Kousi - Stephanie', '', 'kousi', 'mgn99kou', '', '3', '1');
INSERT INTO `users` VALUES (181, 'Baytekin', '', 'bay', 'mgn04bay', '', '3', '1');
INSERT INTO `users` VALUES (182, 'Bix bijoux', '', 'bix', 'mgn05bix', '', '3', '1');
INSERT INTO `users` VALUES (183, 'Bix bijoux', '', 'bix', 'mgn05bix', '', '3', '1');
INSERT INTO `users` VALUES (184, 'BERUGBE', '', 'ber', 'mgn06ber', '', '3', '1');
INSERT INTO `users` VALUES (185, 'GB Concept', '', 'gb', 'mgn08gb', '', '3', '1');
INSERT INTO `users` VALUES (186, 'Kavitak', '', 'kav', 'mgn09kav', '', '3', '1');
INSERT INTO `users` VALUES (187, 'Globtex', '', 'glob', 'mgn10glo', '', '3', '1');
INSERT INTO `users` VALUES (188, 'Thomas - yu', '', 'mar', 'mgn11mar', '', '3', '1');
INSERT INTO `users` VALUES (189, 'Kelly', '', 'kellly', 'mgn66kel', '', '3', '1');
INSERT INTO `users` VALUES (190, 'Kelly', '', 'kellly', 'mgn66kel', '', '3', '1');
INSERT INTO `users` VALUES (191, 'Kelly', '', 'kellly', 'mgn66kel', '', '3', '1');
INSERT INTO `users` VALUES (192, 'GB2 Concept', '', 'gb2', 'mgn88gb2', '', '3', '1');
INSERT INTO `users` VALUES (193, 'MT - Trading', '', 'tra', 'mgn99tra', '', '3', '1');
INSERT INTO `users` VALUES (194, 'Back to Back', '', 'back', 'mgn14bac', '', '3', '1');
INSERT INTO `users` VALUES (195, 'Back to Back', '', 'back', 'mgn14bac', '', '3', '1');
INSERT INTO `users` VALUES (196, 'Orca - accessoires', '', 'orca', 'mgn15orc', '', '3', '1');
INSERT INTO `users` VALUES (197, 'Groupephl', '', 'group', 'mgn16gro', '', '3', '1');
INSERT INTO `users` VALUES (198, 'Arnaudmenasce2', '', 'arn', 'mgn17arn', '', '3', '1');
INSERT INTO `users` VALUES (199, 'Arnaudmenasce2', '', 'arn', 'mgn17arn', '', '3', '1');
INSERT INTO `users` VALUES (200, 'Victor', '', 'vic', 'mgn18vic', '', '3', '1');
INSERT INTO `users` VALUES (201, 'Pierredjian', '', 'pie', 'mgn19pie', '', '3', '1');
INSERT INTO `users` VALUES (202, 'Bensaad', '', 'ben', 'mgn20ben', '', '3', '1');
INSERT INTO `users` VALUES (203, 'Libertex', '', 'libertex', 'mgn21lib', '', '3', '1');
INSERT INTO `users` VALUES (204, 'SUN - IL', '', 'sun', 'mgn55sun', '', '3', '1');
INSERT INTO `users` VALUES (205, 'Orca-accessoires', '', 'orca', 'mgn123orca', '', '3', '1');
INSERT INTO `users` VALUES (206, 'Orca', '', 'orca', 'mgn123orca', '', '3', '1');
INSERT INTO `users` VALUES (207, 'Crystal - CLW HK', '', 'crystal', 'cry123', '', '1', '1');
INSERT INTO `users` VALUES (208, 'Lollipops - Marie', '', 'lollipop', 'mgn99lol', '', '3', '1');
INSERT INTO `users` VALUES (209, 'Fisseruk - Eugenie', '', 'fiss', 'mgn88fis', '', '3', '1');
INSERT INTO `users` VALUES (210, 'Citilog - Debbie', '', 'citilog', 'mgn50cit', '', '3', '1');
INSERT INTO `users` VALUES (211, 'Sun - IL', '', 'sun', 'mgn60sun', '', '3', '1');
INSERT INTO `users` VALUES (212, 'Sozhou Wanli', '', 'sozhou', 'mgn70suz', '', '3', '1');
INSERT INTO `users` VALUES (213, 'Sika', '', 'sika', 'mgn35sika', '', '3', '1');
INSERT INTO `users` VALUES (214, 'Vangie', '', 'Vangie', 'vanz123', '', '1', '1');
INSERT INTO `users` VALUES (215, 'Rider', '', 'rider', 'mgn31pink', '', '3', '1');
INSERT INTO `users` VALUES (216, 'Pink Soda', '', 'pink', 'mgn31pink', '', '3', '1');
INSERT INTO `users` VALUES (217, 'Dgsanjing', '', 'cat', 'mgn02cat', '', '1', '1');
INSERT INTO `users` VALUES (218, 'J&W', '', 'jw', 'mgn09jw', '', '3', '1');
INSERT INTO `users` VALUES (219, 'A&A Acessories', '', 'ANA', 'mgn05ana', '', '3', '1');
INSERT INTO `users` VALUES (220, 'Tuna - CLW TR', '', 'tuna', 'tuna123', '', '1', '1');
INSERT INTO `users` VALUES (221, 'Test', '', 'morganfr', 'bjpaccess', '', '1', '1');
INSERT INTO `users` VALUES (222, 'Palme - Florence', '', 'palme', 'mgn12pal', '', '3', '1');
INSERT INTO `users` VALUES (223, 'vangie', 'santos', 'vangie', 'vangie123', '', '1', '1');
INSERT INTO `users` VALUES (224, 'Star Belt', '', 'star', 'mgn19sta', '', '3', '1');
INSERT INTO `users` VALUES (225, 'Star Belt', '', 'star', 'mgn19sta', '', '3', '1');
INSERT INTO `users` VALUES (226, 'Fisser', '', 'fisser', 'mgn19fis', '', '3', '1');
INSERT INTO `users` VALUES (227, 'Star - Belt', '', 'star', 'mgn23sta', '', '3', '1');
INSERT INTO `users` VALUES (228, 'Star - Belt', '', 'star', 'mgn23sta', '', '3', '1');
INSERT INTO `users` VALUES (229, 'Alpha Mode', '', 'sarl', 'mgn25sar', '', '3', '1');
INSERT INTO `users` VALUES (230, 'DLLI', '', 'dlli', 'mgn19dll', '', '3', '1');
INSERT INTO `users` VALUES (231, 'Dians', '', 'dians', 'mgn21dia', '', '3', '1');
INSERT INTO `users` VALUES (232, 'Loop-Paris', '', 'loop', 'mgn26loo', '', '3', '1');
INSERT INTO `users` VALUES (233, 'Jago', '', 'jago', 'mgn23jag', '', '3', '1');
INSERT INTO `users` VALUES (234, 'Creative Touches', '', 'cre', 'mgn29cre', '', '3', '2');
INSERT INTO `users` VALUES (235, 'Creative Touches', '', 'cre', 'mgn29cre', '', '3', '2');
INSERT INTO `users` VALUES (236, 'DK Invest', '', 'dk', 'mgn29dk', '', '3', '1');
INSERT INTO `users` VALUES (237, 'Trend & See', '', 'trend', 'mgn09tre', '', '3', '1');
INSERT INTO `users` VALUES (238, 'AJ Moda', '', 'ajmoda', 'mgn09aj', '', '3', '1');
INSERT INTO `users` VALUES (239, 'Creative', '', 'Creative', 'mgn09cre', '', '3', '1');
INSERT INTO `users` VALUES (240, 'SK SON', '', 'SK', 'mgn09sk', '', '3', '1');
INSERT INTO `users` VALUES (241, 'Marlybag', '', 'Marly', 'mgn14mar', '', '3', '1');
INSERT INTO `users` VALUES (242, 'YO', '', 'yo', 'yo123', '', '1', '1');
INSERT INTO `users` VALUES (243, 'piazzolla', '', 'vaux', 'vauxnex', '', '1', '1');
INSERT INTO `users` VALUES (244, 'tracy', '', 'dk', 'dkinvest', '', '1', '1');
INSERT INTO `users` VALUES (245, 'tracy', '', 'dk', 'dkinvest', '', '1', '1');
INSERT INTO `users` VALUES (246, 'piazzolla', '', 'vaux', 'vauxnew', '', '1', '1');
INSERT INTO `users` VALUES (247, 'sau', '', 'sau', 'usa', '', '1', '1');
INSERT INTO `users` VALUES (248, 'sau', '', 'sau', 'usa', '', '1', '1');
INSERT INTO `users` VALUES (249, 'mercy', '', 'mercy', 'mercy123', '', '1', '1');
INSERT INTO `users` VALUES (250, 'veronique', '', 'Marlybag', 'marlybagne', '', '1', '1');
INSERT INTO `users` VALUES (251, 'veronique', '', 'Marlybag', 'marlybag', '', '1', '1');
INSERT INTO `users` VALUES (252, 'touch', '', 'asu', 'usa', '', '1', '1');
INSERT INTO `users` VALUES (253, 'touch', '', 'asu', 'usa', '', '1', '1');
INSERT INTO `users` VALUES (254, 'jern', '', 'jern', 'rern123', '', '1', '1');
INSERT INTO `users` VALUES (255, 'jern', '', 'jern', 'jern123', '', '1', '1');
INSERT INTO `users` VALUES (256, 'zynke exports pvt ltd', '', 'ambika', 'ambika123', '', '1', '1');
INSERT INTO `users` VALUES (257, 'Tim', '', 'starbelts', 'star', '', '1', '1');
